Setting,Customize,Hints
Map Info,,"For help, see tutorial in HandsOnDataViz.org"
Map Title,Location Analysis of our Undergraduate Students,Insert your map title. Always appears in browser tab
Map Subtitle,"<font size=""1"">The Department of Geomatics Engineering at Gebze Technical University</font>",Add context (or leave blank)
Display Title,topleft,"Select position to display map title, or off"
Author Name,Ali Levent YAĞCI,"Appears in credits as ""View data by..."" (or leave blank)"
Author Email or Website,alyagci@gtu.edu.tr,Insert your email or web address to appear as link in Author Name (or leave blank)
Author Code Repo,https://github.com/yagciali2002/leaflet-maps-with-google-sheets,"Insert your code repo URL to appear as link in ""View code..."" (or leave blank)"
Author Code Credit,"<a href=""https://handsondataviz.org"">HandsOnDataViz</a>","Appears in credits as ""...code by..."" (or leave blank)"
Google Analytics Tracking ID,,General format: UA-5488840-29
Map Settings,,"For help, see tutorial in HandsOnDataViz.org"
Basemap Tiles,Esri.WorldGrayCanvas,"Select basemap. For Stadia tiles, add domain-based authentication."
Basemap Tiles API Key,,"If required, insert an API key for tiles. See Stadia note above."
Cluster Markers,on,"Display tightly-packed groups of markers as numbers, until zoomed in to view details."
Intro Popup Text,"<font size=""1"">Welcome to <a href=""http://www.gtu.edu.tr/harita"">Geomatics Engineering Department</a> at <a href=""http://www.gtu.edu.tr"">Gebze Techincal University</a>. Please, see the high schools of admitted undergraduate students to our department under <strong>Undergrad Students by High School</strong>. Also, please see the provinces of the undergraduate students to our department by year under <strong>Undergrad Students by Province</strong>. Any questions should be directed to Assist. Prof. Ali Levent YAGCI, reachable by email' alyagci@gtu.edu.tr.</font>",Show intro text pop-up on startup (or leave blank)
Initial Zoom,,Leave blank to auto-zoom to display all markers (or insert number between 1 [zoomed out] and 18 [zoomed in])
Initial Center Latitude,39.5,Leave blank to auto-center for all markers (or insert initial latitude)
Initial Center Longitude,34.5,Leave blank to auto-center for all markers (or insert initial longitude)
Map Controls,,
Search Button,topright,Display the search box (magnifying glass)
Search Radius,5 miles,Select radius for results from Mapzen search
Search Results Zoom Level,12,Select zoom level to display search results (larger = zoom in more)
Show My Location,topright,Display the Show My Location button (black marker)
Zoom Controls,topright,Display the Zoom Controls
Credits and Attribution,bottomright,Display the credits
Point Map Controls,,"For help, see tutorial in HandsOnDataViz.org"
Point Legend Title,"<font size=""1"">Undergrad Students by High School<font>",Show title at top of Points legend (or leave blank)
Point Legend Position,topleft,Display the Points legend
Point Legend Icon,fa-map-pin,Insert a Font Awesome free and solid icon name (example: fa-bus) or any Material Design icon name (example: rowing) or leave blank
Table Controls,,"For help, see tutorial in HandsOnDataViz.org"
Display Table,off,Display Table of all Points shown in current map 
Table Height,40,Height of table (as percentage of map; 40 percent is default)
Table Columns,"Name,Location",Columns from Points sheet to display in Table (or leave blank)
Table Header Color,,"Background color of table header (default is black). If desired, insert a comma and specify table text color (default is black)."
Polyline Map Controls,,"For help, see tutorial in HandsOnDataViz.org"
Polyline Legend Title,Sample polylines,Show title at top of Polyline legend (or leave blank)
Polyline Legend Position,topleft,Display Polyline legend
Polyline Legend Icon,fa-bicycle,Insert a Font Awesome free and solid icon name (example: fa-bus) or any Material Design icon name (example: rowing) or leave blank
Polyline Thickness,2,Select thickness of all Polylines (in pixels)