Group,Marker Icon,Marker Color,Icon Color,Custom Size,Name,Image,Description,Location,Latitude,Longitude
Department,media/GTU_bolum_logo_new.jpg,,,48x64,GTU Geomatics Engineering,https://lh5.googleusercontent.com/p/AF1QipM2auP49eVbVFtsEOtXiFNRgbiOy2h1wAufxhOd=w408-h545-k-no,"website: <a href="" http://www.gtu.edu.tr/harita"">http://www.gtu.edu.tr/harita</a>",,40.8064155,29.3624443
High Schools,school,Black,white,,80.YIL NUH ÇİMENTO ANADOLU LİSESİ (İSTANBUL - PENDİK),,Count by Year<br>2017: 0<br>2018: 0<br>2019: 4<br>2020: 1<br>2021: 0<br>2022: 0<br>2023: 0<br>Total: 5,,40.8580196,29.2942675
High Schools,school,Black,white,,ABBAS-SIDIKA ÇALIK ANADOLU LİSESİ (ADANA - ÇUKUROVA),,Count by Year<br>2017: 0<br>2018: 1<br>2019: 0<br>2020: 0<br>2021: 0<br>2022: 0<br>2023: 0<br>Total: 1,,37.0522629,35.27330262
High Schools,school,Black,white,,AÇIK ÖĞRETİM LİSESİ ( - MERKEZE BAĞLI TAŞRA),,Count by Year<br>2017: 2<br>2018: 6<br>2019: 0<br>2020: 1<br>2021: 1<br>2022: 2<br>2023: 7<br>Total: 19,,39.9445341,32.8096958
High Schools,school,Black,white,,ADNAN MENDERES ANADOLU LİSESİ (İSTANBUL - BAHÇELİEVLER),,Count by Year<br>2017: 0<br>2018: 0<br>2019: 1<br>2020: 0<br>2021: 0<br>2022: 0<br>2023: 0<br>Total: 1,,41.0033597,28.861449
High Schools,school,Black,white,,AKÇAKOCA SOSYAL BİLİMLER LİSESİ (DÜZCE - AKÇAKOCA),,Count by Year<br>2017: 0<br>2018: 1<br>2019: 0<br>2020: 0<br>2021: 0<br>2022: 0<br>2023: 0<br>Total: 1,,41.0844653,31.1166578
High Schools,school,Black,white,,AKHİSAR ŞEYH İSA ANADOLU LİSESİ (MANİSA - AKHİSAR),,Count by Year<br>2017: 0<br>2018: 1<br>2019: 1<br>2020: 0<br>2021: 0<br>2022: 0<br>2023: 0<br>Total: 2,,38.9020767,27.8030395
High Schools,school,Black,white,,ALİ RIZA ÖZDERİCİ KIZ ANADOLU İMAM HATİP LİSESİ (KAYSERİ - MELİKGAZİ),,Count by Year<br>2017: 0<br>2018: 1<br>2019: 0<br>2020: 0<br>2021: 0<br>2022: 0<br>2023: 0<br>Total: 1,,38.7285826,35.5167665
High Schools,school,Black,white,,ALPARSLAN ANADOLU LİSESİ (İSTANBUL - PENDİK),,Count by Year<br>2017: 0<br>2018: 0<br>2019: 1<br>2020: 0<br>2021: 0<br>2022: 0<br>2023: 1<br>Total: 2,,40.8726074,29.2700298
High Schools,school,Black,white,,ALPTEKİN ANADOLU LİSESİ (AMASYA - MERKEZ),,Count by Year<br>2017: 0<br>2018: 0<br>2019: 1<br>2020: 0<br>2021: 0<br>2022: 0<br>2023: 0<br>Total: 1,,40.645043,35.8065993
High Schools,school,Black,white,,AYDIN ANADOLU İMAM HATİP LİSESİ (AYDIN - EFELER),,Count by Year<br>2017: 1<br>2018: 0<br>2019: 0<br>2020: 0<br>2021: 0<br>2022: 0<br>2023: 0<br>Total: 1,,37.834461,27.8441989
High Schools,school,Black,white,,AYFER-CEYLAN EMET FEN LİSESİ (AFYONKARAHİSAR - BOLVADİN),,Count by Year<br>2017: 1<br>2018: 0<br>2019: 0<br>2020: 0<br>2021: 0<br>2022: 0<br>2023: 0<br>Total: 1,,38.7349166,31.0478897
High Schools,school,Black,white,,BALIKESİR CUMHURİYET ANADOLU LİSESİ (BALIKESİR - ALTIEYLÜL),,Count by Year<br>2017: 0<br>2018: 0<br>2019: 1<br>2020: 0<br>2021: 0<br>2022: 0<br>2023: 0<br>Total: 1,,39.643816,29.2723258
High Schools,school,Black,white,,BARBAROS ANADOLU LİSESİ (İSTANBUL - BAĞCILAR),,Count by Year<br>2017: 1<br>2018: 0<br>2019: 0<br>2020: 0<br>2021: 0<br>2022: 0<br>2023: 0<br>Total: 1,,41.02663637,28.8417875
High Schools,school,Black,white,,BEHÇET KEMAL ÇAĞLAR ANADOLU LİSESİ (İSTANBUL - SARIYER),,Count by Year<br>2017: 1<br>2018: 0<br>2019: 0<br>2020: 0<br>2021: 0<br>2022: 0<br>2023: 0<br>Total: 1,,41.0960979,29.0498105
High Schools,school,Black,white,,BOLU ATATÜRK ANADOLU LİSESİ (BOLU - MERKEZ),,Count by Year<br>2017: 0<br>2018: 0<br>2019: 1<br>2020: 0<br>2021: 0<br>2022: 0<br>2023: 0<br>Total: 1,,40.7273527,31.6135561
High Schools,school,Black,white,,BORSA İSTANBUL ANADOLU LİSESİ (ADIYAMAN - MERKEZ),,Count by Year<br>2017: 0<br>2018: 0<br>2019: 1<br>2020: 0<br>2021: 0<br>2022: 0<br>2023: 0<br>Total: 1,,37.7508281,38.2491183
High Schools,school,Black,white,,BORSA İSTANBUL ZEYTİNBURNU ANADOLU LİSESİ (İSTANBUL - ZEYTİNBURNU),,Count by Year<br>2017: 0<br>2018: 0<br>2019: 1<br>2020: 0<br>2021: 0<br>2022: 0<br>2023: 0<br>Total: 1,,40.9934197,28.9196684
High Schools,school,Black,white,,BURSA ATATÜRK ANADOLU LİSESİ (BURSA - OSMANGAZİ),,Count by Year<br>2017: 0<br>2018: 1<br>2019: 0<br>2020: 0<br>2021: 0<br>2022: 0<br>2023: 0<br>Total: 1,,40.195464,29.048301
High Schools,school,Black,white,,BURSA İPEKÇİLİK ANADOLU İMAM HATİP LİSESİ (BURSA - YILDIRIM),,Count by Year<br>2017: 1<br>2018: 0<br>2019: 0<br>2020: 0<br>2021: 0<br>2022: 0<br>2023: 0<br>Total: 1,,40.2287382,28.8975439
High Schools,school,Black,white,,BÜYÜKŞEHİR BELEDİYESİ ORDU ANADOLU İMAM HATİP LİSESİ (ORDU - ALTINORDU),,Count by Year<br>2017: 0<br>2018: 0<br>2019: 1<br>2020: 0<br>2021: 0<br>2022: 0<br>2023: 0<br>Total: 1,,40.9818055,37.9067514
High Schools,school,Black,white,,CAHİT ELGİNKAN ANADOLU LİSESİ (KOCAELİ - İZMİT),,Count by Year<br>2017: 0<br>2018: 1<br>2019: 0<br>2020: 0<br>2021: 0<br>2022: 0<br>2023: 0<br>Total: 1,,40.7636487,29.8930836
High Schools,school,Black,white,,ÇAMLICA KIZ ANADOLU İMAM HATİP LİSESİ (İSTANBUL - ÜSKÜDAR),,Count by Year<br>2017: 0<br>2018: 1<br>2019: 0<br>2020: 0<br>2021: 0<br>2022: 1<br>2023: 0<br>Total: 2,,41.00047,29.0591656
High Schools,school,Black,white,,ÇANAKKALE İBRAHİM BODUR ANADOLU LİSESİ (ÇANAKKALE - MERKEZ),,Count by Year<br>2017: 0<br>2018: 0<br>2019: 1<br>2020: 0<br>2021: 0<br>2022: 0<br>2023: 0<br>Total: 1,,40.141604,26.4054281
High Schools,school,Black,white,,ÇAYCUMA TİCARET VE SANAYİ ODASI FEN LİSESİ (ZONGULDAK - ÇAYCUMA),,Count by Year<br>2017: 1<br>2018: 0<br>2019: 0<br>2020: 0<br>2021: 0<br>2022: 0<br>2023: 0<br>Total: 1,,41.4187086,32.0809054
High Schools,school,Black,white,,CİBALİ ŞEHİT İLHAN VARANK ANADOLU İMAM HATİP LİSESİ (İSTANBUL - FATİH),,Count by Year<br>2017: 1<br>2018: 0<br>2019: 0<br>2020: 0<br>2021: 0<br>2022: 0<br>2023: 0<br>Total: 1,,41.0163535,28.9577932
High Schools,school,Black,white,,DARICA NEŞET YALÇIN ANADOLU LİSESİ (KOCAELİ - DARICA),,Count by Year<br>2017: 0<br>2018: 1<br>2019: 0<br>2020: 0<br>2021: 0<br>2022: 0<br>2023: 0<br>Total: 1,,40.785612,29.3792
High Schools,school,Black,white,,DAVUT FIRINCIOĞLU ANADOLU LİSESİ (BARTIN - MERKEZ),,Count by Year<br>2017: 0<br>2018: 1<br>2019: 0<br>2020: 1<br>2021: 0<br>2022: 0<br>2023: 0<br>Total: 2,,41.6268232,32.3237039
High Schools,school,Black,white,,DEDE KORKUT ANADOLU LİSESİ (İSTANBUL - BAHÇELİEVLER),,Count by Year<br>2017: 0<br>2018: 1<br>2019: 0<br>2020: 0<br>2021: 0<br>2022: 0<br>2023: 0<br>Total: 1,,41.0193649,28.8495286
High Schools,school,Black,white,,DERİNCE ANADOLU LİSESİ (KOCAELİ - DERİNCE),,Count by Year<br>2017: 0<br>2018: 0<br>2019: 1<br>2020: 1<br>2021: 0<br>2022: 0<br>2023: 0<br>Total: 2,,40.7627814,29.8176892
High Schools,school,Black,white,,DİLNİHAT ÖZYEĞİN ANADOLU LİSESİ (İSTANBUL - BEYOĞLU),,Count by Year<br>2017: 0<br>2018: 0<br>2019: 1<br>2020: 0<br>2021: 0<br>2022: 0<br>2023: 0<br>Total: 1,,41.0379529,28.9580246
High Schools,school,Black,white,,DR. KEMAL NACİ EKŞİ ANADOLU LİSESİ (İSTANBUL - BAĞCILAR),,Count by Year<br>2017: 1<br>2018: 0<br>2019: 0<br>2020: 0<br>2021: 0<br>2022: 0<br>2023: 0<br>Total: 1,,41.0469575,28.8285565
High Schools,school,Black,white,,DÜZCE 15 TEMMUZ ŞEHİTLER ANADOLU LİSESİ (DÜZCE - MERKEZ),,Count by Year<br>2017: 1<br>2018: 0<br>2019: 0<br>2020: 0<br>2021: 0<br>2022: 0<br>2023: 0<br>Total: 1,,40.8432407,31.1396394
High Schools,school,Black,white,,E.C.A ELGİNKAN ANADOLU LİSESİ (İSTANBUL - MALTEPE),,Count by Year<br>2017: 0<br>2018: 0<br>2019: 2<br>2020: 0<br>2021: 0<br>2022: 0<br>2023: 1<br>Total: 3,,40.9272515,29.1361804
High Schools,school,Black,white,,ELAZIĞ ANADOLU LİSESİ (ELAZIĞ - MERKEZ),,Count by Year<br>2017: 0<br>2018: 1<br>2019: 0<br>2020: 0<br>2021: 0<br>2022: 0<br>2023: 0<br>Total: 1,,38.6825074,39.221716
High Schools,school,Black,white,,ERBAA KIZ ANADOLU İMAM HATİP LİSESİ (TOKAT - ERBAA),,Count by Year<br>2017: 0<br>2018: 1<br>2019: 0<br>2020: 0<br>2021: 0<br>2022: 0<br>2023: 0<br>Total: 1,,40.6714789,36.5590618
High Schools,school,Black,white,,ERTUĞRUL KURDOĞLU ANADOLU LİSESİ (KOCAELİ - ÇAYIROVA),,Count by Year<br>2017: 0<br>2018: 0<br>2019: 1<br>2020: 0<br>2021: 0<br>2022: 0<br>2023: 0<br>Total: 1,,40.8603373,29.3953355
High Schools,school,Black,white,,FATİH ANADOLU LİSESİ (HATAY - İSKENDERUN),,Count by Year<br>2017: 0<br>2018: 0<br>2019: 1<br>2020: 0<br>2021: 0<br>2022: 0<br>2023: 0<br>Total: 1,,36.615962,36.209373
High Schools,school,Black,white,,FATİH ANADOLU LİSESİ (SAMSUN - TERME),,Count by Year<br>2017: 1<br>2018: 0<br>2019: 0<br>2020: 0<br>2021: 0<br>2022: 0<br>2023: 0<br>Total: 1,,41.2046277,36.9631069
High Schools,school,Black,white,,GAZİ ANADOLU LİSESİ (İSTANBUL - KÜÇÜKÇEKMECE),,Count by Year<br>2017: 0<br>2018: 1<br>2019: 0<br>2020: 0<br>2021: 0<br>2022: 0<br>2023: 0<br>Total: 1,,41.055667,28.7276991
High Schools,school,Black,white,,GEYVE ANADOLU LİSESİ (SAKARYA - GEYVE),,Count by Year<br>2017: 0<br>2018: 0<br>2019: 1<br>2020: 0<br>2021: 0<br>2022: 0<br>2023: 0<br>Total: 1,,40.5144076,30.3012904
High Schools,school,Black,white,,GÖLBAŞI ANADOLU LİSESİ (ANKARA - GÖLBAŞI),,Count by Year<br>2017: 0<br>2018: 0<br>2019: 1<br>2020: 0<br>2021: 0<br>2022: 0<br>2023: 0<br>Total: 1,,39.7542929,32.7970208
High Schools,school,Black,white,,GÜLİZAR ZEKİ OBDAN ANADOLU LİSESİ (İSTANBUL - PENDİK),,Count by Year<br>2017: 0<br>2018: 0<br>2019: 1<br>2020: 0<br>2021: 0<br>2022: 0<br>2023: 0<br>Total: 1,,40.8659586,29.2851435
High Schools,school,Black,white,,GÜNEYSU ŞEHİT KEMAL MUTLU FEN LİSESİ (RİZE - GÜNEYSU),,Count by Year<br>2017: 1<br>2018: 0<br>2019: 0<br>2020: 0<br>2021: 0<br>2022: 0<br>2023: 0<br>Total: 1,,40.9857852,40.6098328
High Schools,school,Black,white,,HACI FATMA ERDEMİR ANADOLU LİSESİ (KIRŞEHİR - MERKEZ),,Count by Year<br>2017: 0<br>2018: 1<br>2019: 0<br>2020: 0<br>2021: 0<br>2022: 0<br>2023: 0<br>Total: 1,,39.1443329,34.174816
High Schools,school,Black,white,,HALİDE EDİP ADIVAR ANADOLU LİSESİ (İSTANBUL - ÜSKÜDAR),,Count by Year<br>2017: 0<br>2018: 2<br>2019: 0<br>2020: 0<br>2021: 0<br>2022: 0<br>2023: 0<br>Total: 2,,41.0279974,29.0230305
High Schools,school,Black,white,,HASAN FERRUH ÖZGEN ANADOLU LİSESİ (İSTANBUL - KARTAL),,Count by Year<br>2017: 1<br>2018: 2<br>2019: 0<br>2020: 0<br>2021: 0<br>2022: 0<br>2023: 0<br>Total: 3,,40.9148452,29.2103706
High Schools,school,Black,white,,HÜSNÜ M. ÖZYEĞİN ANADOLU LİSESİ (İSTANBUL - SULTANBEYLİ),,Count by Year<br>2017: 0<br>2018: 1<br>2019: 0<br>2020: 0<br>2021: 0<br>2022: 0<br>2023: 0<br>Total: 1,,40.9712555,29.2522131
High Schools,school,Black,white,,HÜSNÜ M.ÖZYEĞİN ANADOLU LİSESİ (KARS - MERKEZ),,Count by Year<br>2017: 0<br>2018: 0<br>2019: 1<br>2020: 0<br>2021: 0<br>2022: 0<br>2023: 0<br>Total: 1,,40.5758218,43.1017982
High Schools,school,Black,white,,İBRAHİM ÖNAL FEN LİSESİ (BURSA - MUSTAFAKEMALPAŞA),,Count by Year<br>2017: 1<br>2018: 0<br>2019: 0<br>2020: 0<br>2021: 0<br>2022: 0<br>2023: 0<br>Total: 1,,40.0374679,28.4329814
High Schools,school,Black,white,,İSMET YILMAZ FEN LİSESİ (SİVAS - ŞARKIŞLA),,Count by Year<br>2017: 1<br>2018: 1<br>2019: 0<br>2020: 1<br>2021: 0<br>2022: 0<br>2023: 0<br>Total: 3,,39.3492225,36.4062042
High Schools,school,Black,white,,İSTANBUL ANADOLU LİSESİ (İSTANBUL - KADIKÖY),,Count by Year<br>2017: 0<br>2018: 0<br>2019: 1<br>2020: 0<br>2021: 0<br>2022: 0<br>2023: 0<br>Total: 1,,40.963168,29.098736
High Schools,school,Black,white,,İSTANBUL ÜSKÜDAR LİSESİ (İSTANBUL - ÜSKÜDAR),,Count by Year<br>2017: 1<br>2018: 0<br>2019: 0<br>2020: 0<br>2021: 1<br>2022: 0<br>2023: 0<br>Total: 2,,41.0289028,29.0297329
High Schools,school,Black,white,,İZMİT ANADOLU İMAM HATİP LİSESİ (KOCAELİ - İZMİT),,Count by Year<br>2017: 0<br>2018: 1<br>2019: 1<br>2020: 0<br>2021: 0<br>2022: 0<br>2023: 0<br>Total: 2,,40.7656575,29.9278574
High Schools,school,Black,white,,İZMİT ATILIM ANADOLU LİSESİ (KOCAELİ - İZMİT),,Count by Year<br>2017: 0<br>2018: 1<br>2019: 0<br>2020: 0<br>2021: 0<br>2022: 0<br>2023: 0<br>Total: 1,,40.7621734,29.9713795
High Schools,school,Black,white,,KADİR HAS ANADOLU LİSESİ (İSTANBUL - MALTEPE),,Count by Year<br>2017: 0<br>2018: 1<br>2019: 0<br>2020: 0<br>2021: 0<br>2022: 0<br>2023: 0<br>Total: 1,,40.952747,29.1170203
High Schools,school,Black,white,,KARACABEY ANADOLU LİSESİ (BURSA - KARACABEY),,Count by Year<br>2017: 2<br>2018: 1<br>2019: 0<br>2020: 0<br>2021: 0<br>2022: 0<br>2023: 0<br>Total: 3,,40.2185869,28.3766833
High Schools,school,Black,white,,KARASU ATATÜRK ANADOLU LİSESİ (SAKARYA - KARASU),,Count by Year<br>2017: 0<br>2018: 0<br>2019: 1<br>2020: 0<br>2021: 0<br>2022: 0<br>2023: 0<br>Total: 1,,41.100321,30.7029723
High Schools,school,Black,white,,KARTAL MEHMET AKİF ERSOY ANADOLU İMAM HATİP LİSESİ (İSTANBUL - KARTAL),,Count by Year<br>2017: 1<br>2018: 1<br>2019: 0<br>2020: 0<br>2021: 0<br>2022: 1<br>2023: 0<br>Total: 3,,40.9111202,29.1871813
High Schools,school,Black,white,,KAYA KARAKAYA ANADOLU LİSESİ (ELAZIĞ - MERKEZ),,Count by Year<br>2017: 0<br>2018: 1<br>2019: 0<br>2020: 0<br>2021: 0<br>2022: 0<br>2023: 0<br>Total: 1,,38.664015,39.1606242
High Schools,school,Black,white,,KAYNAŞLI ANADOLU LİSESİ (DÜZCE - KAYNAŞLI),,Count by Year<br>2017: 0<br>2018: 1<br>2019: 0<br>2020: 0<br>2021: 0<br>2022: 0<br>2023: 0<br>Total: 1,,40.77393,31.30878
High Schools,school,Black,white,,KIRIMLI İSMAİL RÜŞTÜ OLCAY ANADOLU LİSESİ (İSTANBUL - ZEYTİNBURNU),,Count by Year<br>2017: 1<br>2018: 0<br>2019: 0<br>2020: 0<br>2021: 0<br>2022: 0<br>2023: 0<br>Total: 1,,41.0104352,28.9108265
High Schools,school,Black,white,,KIYMET VE MUSTAFA YAZICI ANADOLU LİSESİ (KARABÜK - MERKEZ),,Count by Year<br>2017: 0<br>2018: 0<br>2019: 1<br>2020: 0<br>2021: 0<br>2022: 0<br>2023: 0<br>Total: 1,,41.2005687,32.6054871
High Schools,school,Black,white,,KÖRFEZ FEN LİSESİ (KOCAELİ - KÖRFEZ),,Count by Year<br>2017: 0<br>2018: 1<br>2019: 0<br>2020: 0<br>2021: 0<br>2022: 0<br>2023: 0<br>Total: 1,,40.7741114,29.7577244
High Schools,school,Black,white,,KÖY HİZMETLERİ ANADOLU LİSESİ (İSTANBUL - KARTAL),,Count by Year<br>2017: 0<br>2018: 0<br>2019: 1<br>2020: 0<br>2021: 0<br>2022: 0<br>2023: 0<br>Total: 1,,40.911675,29.189252
High Schools,school,Black,white,,KUMRAL ABDAL ANADOLU LİSESİ (BİLECİK - BOZÜYÜK),,Count by Year<br>2017: 0<br>2018: 0<br>2019: 1<br>2020: 0<br>2021: 0<br>2022: 0<br>2023: 0<br>Total: 1,,39.9062577,30.0579745
High Schools,school,Black,white,,KURTKÖY ANADOLU LİSESİ (İSTANBUL - PENDİK),,Count by Year<br>2017: 1<br>2018: 0<br>2019: 0<br>2020: 0<br>2021: 0<br>2022: 0<br>2023: 0<br>Total: 1,,40.9131515,29.2964052
High Schools,school,Black,white,,MAHMUT ARSLAN ANADOLU LİSESİ (MERSİN - YENİŞEHİR),,Count by Year<br>2017: 0<br>2018: 0<br>2019: 1<br>2020: 0<br>2021: 0<br>2022: 0<br>2023: 0<br>Total: 1,,36.7762901,34.5695355
High Schools,school,Black,white,,MAHMUT ÇALIK ANADOLU LİSESİ (MALATYA - YEŞİLYURT),,Count by Year<br>2017: 1<br>2018: 0<br>2019: 0<br>2020: 0<br>2021: 0<br>2022: 0<br>2023: 0<br>Total: 1,,38.3263994,38.2337385
High Schools,school,Black,white,,MANİSA HASAN TÜREK ANADOLU LİSESİ (MANİSA - YUNUSEMRE),,Count by Year<br>2017: 1<br>2018: 0<br>2019: 0<br>2020: 0<br>2021: 0<br>2022: 0<br>2023: 0<br>Total: 1,,38.6159332,27.4202597
High Schools,school,Black,white,,MERKEZ BANKASI DERİNCE ANADOLU LİSESİ (KOCAELİ - DERİNCE),,Count by Year<br>2017: 0<br>2018: 0<br>2019: 1<br>2020: 0<br>2021: 0<br>2022: 0<br>2023: 0<br>Total: 1,,40.773957,29.8165
High Schools,school,Black,white,,MERSİN MEHMET ADNAN ÖZÇELİK ANADOLU LİSESİ (MERSİN - YENİŞEHİR),,Count by Year<br>2017: 0<br>2018: 0<br>2019: 1<br>2020: 0<br>2021: 0<br>2022: 0<br>2023: 0<br>Total: 1,,36.8156152,34.5625806
High Schools,school,Black,white,,MUĞLA ŞEHİT ALTUĞ PEK ANADOLU LİSESİ (MUĞLA - MENTEŞE),,Count by Year<br>2017: 0<br>2018: 0<br>2019: 1<br>2020: 0<br>2021: 0<br>2022: 0<br>2023: 0<br>Total: 1,,37.2085843,28.3633154
High Schools,school,Black,white,,MUHİTTİN MUSTAFA BÖCEK ANADOLU LİSESİ (ANTALYA - KONYAALTI),,Count by Year<br>2017: 0<br>2018: 0<br>2019: 1<br>2020: 0<br>2021: 0<br>2022: 0<br>2023: 0<br>Total: 1,,36.8846839,30.6207312
High Schools,school,Black,white,,MUŞ ANADOLU LİSESİ (MUŞ - MERKEZ),,Count by Year<br>2017: 0<br>2018: 1<br>2019: 0<br>2020: 0<br>2021: 0<br>2022: 0<br>2023: 0<br>Total: 1,,38.7598013,41.5118398
High Schools,school,Black,white,,MUSTAFA KEMAL ANADOLU LİSESİ (İSTANBUL - ATAŞEHİR),,Count by Year<br>2017: 0<br>2018: 1<br>2019: 1<br>2020: 0<br>2021: 0<br>2022: 0<br>2023: 0<br>Total: 2,,40.9841072,29.1244347
High Schools,school,Black,white,,NİZİP TİCARET BORSASI ANADOLU LİSESİ (GAZİANTEP - NİZİP),,Count by Year<br>2017: 0<br>2018: 1<br>2019: 1<br>2020: 0<br>2021: 0<br>2022: 0<br>2023: 0<br>Total: 2,,36.9972523,37.7916056
High Schools,school,Black,white,,NURİ NİHAT ASLANOBA ANADOLU LİSESİ (BURSA - YILDIRIM),,Count by Year<br>2017: 0<br>2018: 1<br>2019: 0<br>2020: 0<br>2021: 0<br>2022: 0<br>2023: 0<br>Total: 1,,40.1850623,29.1417494
High Schools,school,Black,white,,OKTAY VE OLCAY YURTBAY ANADOLU LİSESİ (ZONGULDAK - ÇAYCUMA),,Count by Year<br>2017: 0<br>2018: 0<br>2019: 1<br>2020: 0<br>2021: 0<br>2022: 0<br>2023: 0<br>Total: 1,,41.4224375,32.0832242
High Schools,school,Black,white,,ORUÇ REİS ANADOLU LİSESİ (KOCAELİ - KÖRFEZ),,Count by Year<br>2017: 0<br>2018: 0<br>2019: 1<br>2020: 1<br>2021: 0<br>2022: 0<br>2023: 0<br>Total: 2,,40.7529068,29.7814592
High Schools,school,Black,white,,ÖZEL ACIBADEM ANADOLU LİSESİ (İSTANBUL - KADIKÖY),,Count by Year<br>2017: 0<br>2018: 0<br>2019: 1<br>2020: 0<br>2021: 0<br>2022: 0<br>2023: 0<br>Total: 1,,41.0019989,29.0430379
High Schools,school,Black,white,,ÖZEL ANKA ANADOLU LİSESİ (SAKARYA - ADAPAZARI),,Count by Year<br>2017: 0<br>2018: 1<br>2019: 0<br>2020: 0<br>2021: 0<br>2022: 0<br>2023: 0<br>Total: 1,,40.7668384,30.3900633
High Schools,school,Black,white,,ÖZEL BAĞCILAR SAFİR ANADOLU LİSESİ (İSTANBUL - BAĞCILAR),,Count by Year<br>2017: 0<br>2018: 0<br>2019: 1<br>2020: 0<br>2021: 0<br>2022: 0<br>2023: 0<br>Total: 1,,41.0490395,28.8055835
High Schools,school,Black,white,,ÖZEL BAKIRKÖY FİNAL TEMEL LİSESİ (İSTANBUL - BAKIRKÖY),,Count by Year<br>2017: 0<br>2018: 0<br>2019: 1<br>2020: 0<br>2021: 0<br>2022: 0<br>2023: 0<br>Total: 1,,40.9786916,28.8773135
High Schools,school,Black,white,,ÖZEL BORNOVA UĞUR ASIRLIK ANADOLU LİSESİ (İZMİR - BORNOVA),,Count by Year<br>2017: 1<br>2018: 0<br>2019: 0<br>2020: 0<br>2021: 0<br>2022: 0<br>2023: 0<br>Total: 1,,38.4477721,27.1885206
High Schools,school,Black,white,,ÖZEL BURDUR BAHÇEŞEHİR ANADOLU LİSESİ (BURDUR - MERKEZ),,Count by Year<br>2017: 1<br>2018: 0<br>2019: 0<br>2020: 0<br>2021: 0<br>2022: 0<br>2023: 0<br>Total: 1,,37.7087522,30.2238668
High Schools,school,Black,white,,ÖZEL BURSA OSMANGAZİ FEN BİLİMLERİ TEMEL LİSESİ (BURSA - OSMANGAZİ),,Count by Year<br>2017: 1<br>2018: 0<br>2019: 0<br>2020: 0<br>2021: 0<br>2022: 0<br>2023: 0<br>Total: 1,,40.1898781,29.05233242
High Schools,school,Black,white,,ÖZEL ÇINAR ANADOLU LİSESİ (İSTANBUL - BAŞAKŞEHİR),,Count by Year<br>2017: 0<br>2018: 1<br>2019: 0<br>2020: 0<br>2021: 0<br>2022: 0<br>2023: 0<br>Total: 1,,41.1007997,28.8062791
High Schools,school,Black,white,,ÖZEL DENEY FEN BİLİMLERİ TEMEL LİSESİ (İSTANBUL - ÜMRANİYE),,Count by Year<br>2017: 1<br>2018: 0<br>2019: 0<br>2020: 0<br>2021: 0<br>2022: 0<br>2023: 0<br>Total: 1,,41.0254547,29.0955545
High Schools,school,Black,white,,ÖZEL ENKA MESLEKİ VE TEKNİK ANADOLU LİSESİ (KOCAELİ - DİLOVASI),,Count by Year<br>2017: 0<br>2018: 1<br>2019: 0<br>2020: 0<br>2021: 0<br>2022: 0<br>2023: 0<br>Total: 1,,40.8357993,29.5445445
High Schools,school,Black,white,,ÖZEL ESKİŞEHİR YENİ YOL TEMEL LİSESİ (ESKİŞEHİR - ODUNPAZARI),,Count by Year<br>2017: 1<br>2018: 0<br>2019: 0<br>2020: 0<br>2021: 0<br>2022: 0<br>2023: 0<br>Total: 1,,39.7676777,30.5176841
High Schools,school,Black,white,,ÖZEL FİNAL ANADOLU LİSESİ (MUĞLA - FETHİYE),,Count by Year<br>2017: 1<br>2018: 0<br>2019: 0<br>2020: 0<br>2021: 0<br>2022: 0<br>2023: 0<br>Total: 1,,36.6219115,29.125181
High Schools,school,Black,white,,ÖZEL GEMLİK HASAN ÇETİN TEMEL LİSESİ (BURSA - GEMLİK),,Count by Year<br>2017: 1<br>2018: 0<br>2019: 0<br>2020: 0<br>2021: 0<br>2022: 0<br>2023: 0<br>Total: 1,,40.4295264,29.1558935
High Schools,school,Black,white,,ÖZEL GÜNEY FEN BİLİMLERİ ANADOLU LİSESİ (ANTALYA - MURATPAŞA),,Count by Year<br>2017: 0<br>2018: 0<br>2019: 1<br>2020: 0<br>2021: 0<br>2022: 0<br>2023: 0<br>Total: 1,,36.8894754,30.7035471
High Schools,school,Black,white,,ÖZEL İNCİRLİ SINAV TEMEL LİSESİ (İSTANBUL - BAKIRKÖY),,Count by Year<br>2017: 0<br>2018: 0<br>2019: 1<br>2020: 0<br>2021: 0<br>2022: 0<br>2023: 0<br>Total: 1,,40.9835926,28.8728034
High Schools,school,Black,white,,ÖZEL İZMİT BİREY TEMEL LİSESİ (KOCAELİ - İZMİT),,Count by Year<br>2017: 1<br>2018: 0<br>2019: 0<br>2020: 0<br>2021: 0<br>2022: 0<br>2023: 0<br>Total: 1,,40.767392,29.960493
High Schools,school,Black,white,,ÖZEL KADIKÖY DOĞA ANADOLU LİSESİ (İSTANBUL - KADIKÖY),,Count by Year<br>2017: 0<br>2018: 0<br>2019: 1<br>2020: 0<br>2021: 0<br>2022: 0<br>2023: 0<br>Total: 1,,40.9818723,29.057608
High Schools,school,Black,white,,ÖZEL KADIKÖY RIHTIM FİNAL TEMEL LİSESİ (İSTANBUL - KADIKÖY),,Count by Year<br>2017: 1<br>2018: 0<br>2019: 0<br>2020: 0<br>2021: 1<br>2022: 0<br>2023: 0<br>Total: 2,,40.9891533,29.0235397
High Schools,school,Black,white,,ÖZEL KIRKLARELİ FEN BİLİMLERİ ANADOLU LİSESİ (KIRKLARELİ - MERKEZ),,Count by Year<br>2017: 0<br>2018: 1<br>2019: 0<br>2020: 0<br>2021: 0<br>2022: 0<br>2023: 0<br>Total: 1,,41.74587,27.2230907
High Schools,school,Black,white,,ÖZEL MALTEPE BİREY TEMEL LİSESİ (İSTANBUL - MALTEPE),,Count by Year<br>2017: 0<br>2018: 0<br>2019: 1<br>2020: 0<br>2021: 0<br>2022: 0<br>2023: 0<br>Total: 1,,40.9252817,29.1295486
High Schools,school,Black,white,,ÖZEL MARMARİS ÖZBİLİM TEMEL LİSESİ (MUĞLA - MARMARİS),,Count by Year<br>2017: 0<br>2018: 1<br>2019: 0<br>2020: 0<br>2021: 0<br>2022: 0<br>2023: 0<br>Total: 1,,36.8554111,28.2717965
High Schools,school,Black,white,,ÖZEL MEZİTLİ FEN LİSESİ (MERSİN - MEZİTLİ),,Count by Year<br>2017: 0<br>2018: 0<br>2019: 1<br>2020: 0<br>2021: 0<br>2022: 0<br>2023: 0<br>Total: 1,,36.7411115,34.5099905
High Schools,school,Black,white,,ÖZEL MİLAS BİLİM TEMEL LİSESİ (MUĞLA - MİLAS),,Count by Year<br>2017: 1<br>2018: 0<br>2019: 0<br>2020: 0<br>2021: 0<br>2022: 0<br>2023: 0<br>Total: 1,,37.3055279,27.7766323
High Schools,school,Black,white,,ÖZEL OSMANGAZİ SINAV KOLEJİ FEN LİSESİ (BURSA - OSMANGAZİ),,Count by Year<br>2017: 0<br>2018: 0<br>2019: 1<br>2020: 0<br>2021: 0<br>2022: 0<br>2023: 0<br>Total: 1,,40.2199649,28.8974749
High Schools,school,Black,white,,ÖZEL PENDİK FİNAL TEMEL LİSESİ (İSTANBUL - PENDİK),,Count by Year<br>2017: 0<br>2018: 0<br>2019: 1<br>2020: 0<br>2021: 0<br>2022: 0<br>2023: 0<br>Total: 1,,40.8824029,29.2350089
High Schools,school,Black,white,,ÖZEL SAMSUN UĞUR ANADOLU LİSESİ (SAMSUN - ATAKUM),,Count by Year<br>2017: 0<br>2018: 1<br>2019: 0<br>2020: 0<br>2021: 0<br>2022: 0<br>2023: 0<br>Total: 1,,41.4004964,36.1887466
High Schools,school,Black,white,,ÖZEL ŞANLIURFA SARAÇ İLGİ OKULLARI ANADOLU LİSESİ (ŞANLIURFA - KARAKÖPRÜ),,Count by Year<br>2017: 0<br>2018: 1<br>2019: 0<br>2020: 0<br>2021: 0<br>2022: 0<br>2023: 0<br>Total: 1,,37.2117828,38.7626441
High Schools,school,Black,white,,ÖZEL SARIYER DOĞA ANADOLU LİSESİ (İSTANBUL - SARIYER),,Count by Year<br>2017: 0<br>2018: 1<br>2019: 0<br>2020: 0<br>2021: 0<br>2022: 0<br>2023: 0<br>Total: 1,,41.188933,29.0448991
High Schools,school,Black,white,,ÖZEL SİNOP BAHÇEŞEHİR KOLEJİ ANADOLU LİSESİ (SİNOP - MERKEZ),,Count by Year<br>2017: 0<br>2018: 0<br>2019: 1<br>2020: 0<br>2021: 0<br>2022: 0<br>2023: 0<br>Total: 1,,41.987864,35.0963188
High Schools,school,Black,white,,ÖZEL TURUNCU EĞİTİM TEMEL LİSESİ (BURDUR - MERKEZ),,Count by Year<br>2017: 1<br>2018: 0<br>2019: 0<br>2020: 0<br>2021: 0<br>2022: 0<br>2023: 0<br>Total: 1,,37.7174253,30.2788843
High Schools,school,Black,white,,ÖZEL ÜMRANİYE ON ADIM EĞİTİM BİLİMLERİ TEMEL LİSESİ (İSTANBUL - ÜMRANİYE),,Count by Year<br>2017: 0<br>2018: 1<br>2019: 0<br>2020: 0<br>2021: 0<br>2022: 0<br>2023: 0<br>Total: 1,,41.07953,28.90172
High Schools,school,Black,white,,ÖZEL YEDİTEPE TEMEL LİSESİ (İSTANBUL - KAĞITHANE),,Count by Year<br>2017: 0<br>2018: 1<br>2019: 0<br>2020: 0<br>2021: 0<br>2022: 0<br>2023: 0<br>Total: 1,,41.10006,28.99176
High Schools,school,Black,white,,ÖZEL YENİ BAKIŞ TEMEL LİSESİ (SAMSUN - İLKADIM),,Count by Year<br>2017: 0<br>2018: 0<br>2019: 1<br>2020: 0<br>2021: 0<br>2022: 0<br>2023: 0<br>Total: 1,,41.28276,36.33575
High Schools,school,Black,white,,ÖZLÜCE ANADOLU LİSESİ (BURSA - NİLÜFER),,Count by Year<br>2017: 1<br>2018: 0<br>2019: 0<br>2020: 0<br>2021: 0<br>2022: 0<br>2023: 0<br>Total: 1,,40.2235117,28.8885032
High Schools,school,Black,white,,PENDİK ANADOLU LİSESİ (İSTANBUL - PENDİK),,Count by Year<br>2017: 0<br>2018: 0<br>2019: 1<br>2020: 0<br>2021: 0<br>2022: 0<br>2023: 1<br>Total: 2,,40.8799989,29.2216962
High Schools,school,Black,white,,SAPANCA ANADOLU LİSESİ (SAKARYA - SAPANCA),,Count by Year<br>2017: 0<br>2018: 0<br>2019: 1<br>2020: 0<br>2021: 0<br>2022: 0<br>2023: 0<br>Total: 1,,40.6932239,30.2660046
High Schools,school,Black,white,,SARIGÖL HAYRİYE ERTÜRK ANADOLU LİSESİ (MANİSA - SARIGÖL),,Count by Year<br>2017: 0<br>2018: 0<br>2019: 1<br>2020: 0<br>2021: 0<br>2022: 0<br>2023: 0<br>Total: 1,,38.2506371,28.6665019
High Schools,school,Black,white,,SEFERİHİSAR ASİL NADİR ÇOK PROGRAMLI ANADOLU LİSESİ (İZMİR - SEFERİHİSAR),,Count by Year<br>2017: 0<br>2018: 0<br>2019: 1<br>2020: 0<br>2021: 0<br>2022: 0<br>2023: 0<br>Total: 1,,38.1991428,26.8341163
High Schools,school,Black,white,,ŞEHİT ABDULLAH ÜMİT SERCAN ANADOLU LİSESİ (ANTALYA - ALANYA),,Count by Year<br>2017: 1<br>2018: 0<br>2019: 0<br>2020: 0<br>2021: 1<br>2022: 0<br>2023: 0<br>Total: 2,,36.5450725,31.9932195
High Schools,school,Black,white,,ŞEHİT İLHAN KARTAL ANADOLU LİSESİ (KOCAELİ - ÇAYIROVA),,Count by Year<br>2017: 0<br>2018: 1<br>2019: 0<br>2020: 0<br>2021: 0<br>2022: 0<br>2023: 0<br>Total: 1,,40.8592227,29.3687573
High Schools,school,Black,white,,ŞEHİT OSMAN ALTINKUYU ANADOLU LİSESİ (YALOVA - MERKEZ),,Count by Year<br>2017: 1<br>2018: 0<br>2019: 0<br>2020: 0<br>2021: 0<br>2022: 0<br>2023: 0<br>Total: 1,,40.6334452,29.2253173
High Schools,school,Black,white,,ŞEHİT ÖZCAN KAN FEN LİSESİ (KOCAELİ - İZMİT),,Count by Year<br>2017: 2<br>2018: 0<br>2019: 0<br>2020: 0<br>2021: 0<br>2022: 0<br>2023: 0<br>Total: 2,,40.802147,29.9555308
High Schools,school,Black,white,,ŞEHİT ÜSTEĞMEN İBRAHİM ABANOZ ANADOLU LİSESİ (SAKARYA - KARASU),,Count by Year<br>2017: 0<br>2018: 1<br>2019: 0<br>2020: 0<br>2021: 0<br>2022: 0<br>2023: 0<br>Total: 1,,41.0913877,30.6993194
High Schools,school,Black,white,,SEMİHA ŞAKİR ANADOLU LİSESİ (İSTANBUL - KARTAL),,Count by Year<br>2017: 0<br>2018: 1<br>2019: 0<br>2020: 0<br>2021: 0<br>2022: 0<br>2023: 0<br>Total: 1,,40.911,29.1791889
High Schools,school,Black,white,,SİNOP ANADOLU LİSESİ (SİNOP - MERKEZ),,Count by Year<br>2017: 0<br>2018: 0<br>2019: 1<br>2020: 0<br>2021: 0<br>2022: 0<br>2023: 0<br>Total: 1,,42.028436,35.1525627
High Schools,school,Black,white,,SİNOP FEN LİSESİ (SİNOP - MERKEZ),,Count by Year<br>2017: 0<br>2018: 0<br>2019: 1<br>2020: 0<br>2021: 0<br>2022: 0<br>2023: 0<br>Total: 1,,41.994688,35.0650575
High Schools,school,Black,white,,TARIK BUĞRA ANADOLU LİSESİ (İSTANBUL - PENDİK),,Count by Year<br>2017: 0<br>2018: 1<br>2019: 0<br>2020: 0<br>2021: 0<br>2022: 1<br>2023: 1<br>Total: 3,,40.8950673,29.2713743
High Schools,school,Black,white,,TAŞKÖPRÜ FEN LİSESİ (KASTAMONU - TAŞKÖPRÜ),,Count by Year<br>2017: 0<br>2018: 1<br>2019: 0<br>2020: 0<br>2021: 0<br>2022: 0<br>2023: 0<br>Total: 1,,41.506478,34.2136401
High Schools,school,Black,white,,TEB ATAŞEHİR ANADOLU LİSESİ (İSTANBUL - ATAŞEHİR),,Count by Year<br>2017: 0<br>2018: 1<br>2019: 0<br>2020: 0<br>2021: 1<br>2022: 2<br>2023: 0<br>Total: 4,,40.9895791,29.1335915
High Schools,school,Black,white,,TERAZİDERE PROF.İBRAHİM VE FETİ PİRLEPELİ MESLEKİ VE TEKNİK ANADOLU LİSESİ (İSTANBUL - BAYRAMPAŞA),,Count by Year<br>2017: 0<br>2018: 1<br>2019: 0<br>2020: 0<br>2021: 0<br>2022: 0<br>2023: 0<br>Total: 1,,41.0331619,28.8999684
High Schools,school,Black,white,,TEVFİK İLERİ ANADOLU LİSESİ (RİZE - MERKEZ),,Count by Year<br>2017: 0<br>2018: 1<br>2019: 0<br>2020: 0<br>2021: 0<br>2022: 0<br>2023: 0<br>Total: 1,,41.0262965,40.5452793
High Schools,school,Black,white,,TOKİ CUMHURİYET ANADOLU LİSESİ (İSTANBUL - SİLİVRİ),,Count by Year<br>2017: 0<br>2018: 1<br>2019: 0<br>2020: 0<br>2021: 0<br>2022: 0<br>2023: 0<br>Total: 1,,41.0803085,28.2634922
High Schools,school,Black,white,,TUĞRUL BEY ANADOLU LİSESİ (İSTANBUL - TUZLA),,Count by Year<br>2017: 0<br>2018: 0<br>2019: 1<br>2020: 0<br>2021: 0<br>2022: 0<br>2023: 0<br>Total: 1,,40.850101,29.3042453
High Schools,school,Black,white,,TÜRK KIZILAYI KARTAL ANADOLU LİSESİ (İSTANBUL - KARTAL),,Count by Year<br>2017: 0<br>2018: 0<br>2019: 1<br>2020: 0<br>2021: 1<br>2022: 0<br>2023: 0<br>Total: 2,,40.8901547,29.1961096
High Schools,school,Black,white,,TÜRK TELEKOM ANADOLU LİSESİ (İSTANBUL - SULTANBEYLİ),,Count by Year<br>2017: 1<br>2018: 0<br>2019: 0<br>2020: 0<br>2021: 0<br>2022: 0<br>2023: 0<br>Total: 1,,40.9845274,29.2828464
High Schools,school,Black,white,,VAHİT TUNA ANADOLU LİSESİ (ÇANAKKALE - MERKEZ),,Count by Year<br>2017: 0<br>2018: 1<br>2019: 0<br>2020: 0<br>2021: 0<br>2022: 0<br>2023: 0<br>Total: 1,,40.1671138,26.4108275
High Schools,school,Black,white,,VALİ MUSTAFA BÜYÜK KIZ ANADOLU İMAM HATİP LİSESİ (SAKARYA - ADAPAZARI),,Count by Year<br>2017: 0<br>2018: 0<br>2019: 1<br>2020: 0<br>2021: 0<br>2022: 0<br>2023: 0<br>Total: 1,,40.7753499,30.385202
High Schools,school,Black,white,,YAHYA KAPTAN ANADOLU LİSESİ (KOCAELİ - İZMİT),,Count by Year<br>2017: 0<br>2018: 1<br>2019: 0<br>2020: 0<br>2021: 0<br>2022: 0<br>2023: 0<br>Total: 1,,40.766982,29.9710868
High Schools,school,Black,white,,YENİBOSNA ANADOLU LİSESİ (İSTANBUL - BAHÇELİEVLER),,Count by Year<br>2017: 0<br>2018: 0<br>2019: 1<br>2020: 0<br>2021: 0<br>2022: 0<br>2023: 0<br>Total: 1,,41.0119754,28.8295948
High Schools,school,Black,white,,YENİLEVENT ANADOLU LİSESİ (İSTANBUL - BEŞİKTAŞ),,Count by Year<br>2017: 0<br>2018: 2<br>2019: 0<br>2020: 0<br>2021: 0<br>2022: 0<br>2023: 1<br>Total: 3,,41.0899729,29.010022
High Schools,school,Black,white,,YOZGAT ŞEHİTLER FEN LİSESİ (YOZGAT - MERKEZ),,Count by Year<br>2017: 0<br>2018: 1<br>2019: 0<br>2020: 0<br>2021: 0<br>2022: 0<br>2023: 0<br>Total: 1,,39.7991871,34.7915872
High Schools,school,Black,white,,ZİNCİRLİKUYU İSOV MESLEKİ VE TEKNİK ANADOLU LİSESİ (İSTANBUL - ŞİŞLİ),,Count by Year<br>2017: 0<br>2018: 0<br>2019: 1<br>2020: 0<br>2021: 1<br>2022: 0<br>2023: 0<br>Total: 2,,41.0900074,28.9919974
High Schools,school,Black,white,,AVCILAR ANADOLU LİSESİ (İSTANBUL - AVCILAR),,Count by Year<br>2017: 0<br>2018: 0<br>2019: 0<br>2020: 1<br>2021: 0<br>2022: 0<br>2023: 0<br>Total: 1,,40.9911772,28.7083617
High Schools,school,Black,white,,BAHÇELİEVLER CUMHURİYET ANADOLU LİSESİ (İSTANBUL - BAHÇELİEVLER),,Count by Year<br>2017: 0<br>2018: 0<br>2019: 0<br>2020: 1<br>2021: 0<br>2022: 1<br>2023: 0<br>Total: 2,,40.9989321,28.8577893
High Schools,school,Black,white,,BİTLİS ANADOLU LİSESİ (BİTLİS - MERKEZ),,Count by Year<br>2017: 0<br>2018: 0<br>2019: 0<br>2020: 1<br>2021: 0<br>2022: 0<br>2023: 0<br>Total: 1,,38.4136072,42.1167053
High Schools,school,Black,white,,BORNOVA SUPHİ KOYUNCUOĞLU ANADOLU LİSESİ (İZMİR - BORNOVA),,Count by Year<br>2017: 0<br>2018: 0<br>2019: 0<br>2020: 1<br>2021: 0<br>2022: 0<br>2023: 0<br>Total: 1,,38.461821,27.223911
High Schools,school,Black,white,,CUMHURİYET ANADOLU LİSESİ (KOCAELİ - GEBZE),,Count by Year<br>2017: 0<br>2018: 0<br>2019: 0<br>2020: 1<br>2021: 0<br>2022: 0<br>2023: 0<br>Total: 1,,40.816245,29.38685
High Schools,school,Black,white,,ÇAKMAKLI CUMHURİYET ANADOLU LİSESİ (İSTANBUL - BÜYÜKÇEKMECE),,Count by Year<br>2017: 0<br>2018: 0<br>2019: 0<br>2020: 1<br>2021: 0<br>2022: 0<br>2023: 0<br>Total: 1,,41.0506769,28.6280155
High Schools,school,Black,white,,ÇEKMEKÖY TOKİ ÇOK PROGRAMLI ANADOLU LİSESİ (İSTANBUL - ÇEKMEKÖY),,Count by Year<br>2017: 0<br>2018: 0<br>2019: 0<br>2020: 1<br>2021: 0<br>2022: 0<br>2023: 0<br>Total: 1,,41.0176568,29.2144744
High Schools,school,Black,white,,DARICA ÜLKÜN YALÇIN ANADOLU LİSESİ (KOCAELİ - DARICA),,Count by Year<br>2017: 0<br>2018: 0<br>2019: 0<br>2020: 1<br>2021: 0<br>2022: 2<br>2023: 1<br>Total: 4,,40.7862039,29.3779701
High Schools,school,Black,white,,DAVUTPAŞA ANADOLU LİSESİ (İSTANBUL - FATİH),,Count by Year<br>2017: 0<br>2018: 0<br>2019: 0<br>2020: 1<br>2021: 0<br>2022: 0<br>2023: 0<br>Total: 1,,41.0057647,28.9375085
High Schools,school,Black,white,,DERİNCE NECİP FAZIL ANADOLU LİSESİ (KOCAELİ - DERİNCE),,Count by Year<br>2017: 0<br>2018: 0<br>2019: 0<br>2020: 2<br>2021: 0<br>2022: 0<br>2023: 0<br>Total: 2,,40.7596108,29.8080322
High Schools,school,Black,white,,ELBİSTAN ANADOLU LİSESİ (KAHRAMANMARAŞ - ELBİSTAN),,Count by Year<br>2017: 0<br>2018: 0<br>2019: 0<br>2020: 1<br>2021: 0<br>2022: 0<br>2023: 0<br>Total: 1,,38.1882353,37.1965208
High Schools,school,Black,white,,EMİNE KONUKOĞLU ANADOLU LİSESİ (GAZİANTEP - ŞAHİNBEY),,Count by Year<br>2017: 0<br>2018: 0<br>2019: 0<br>2020: 1<br>2021: 0<br>2022: 0<br>2023: 0<br>Total: 1,,37.019525,37.346208
High Schools,school,Black,white,,ERTUĞRUL GAZİ ANADOLU LİSESİ (ADIYAMAN - MERKEZ),,Count by Year<br>2017: 0<br>2018: 0<br>2019: 0<br>2020: 1<br>2021: 0<br>2022: 0<br>2023: 0<br>Total: 1,,37.7657142,38.2406046
High Schools,school,Black,white,,ERZURUM MEHMET AKİF ERSOY ANADOLU LİSESİ (ERZURUM - PALANDÖKEN),,Count by Year<br>2017: 0<br>2018: 0<br>2019: 0<br>2020: 1<br>2021: 0<br>2022: 0<br>2023: 0<br>Total: 1,,39.8881587,41.2678492
High Schools,school,Black,white,,EYÜPSULTAN ANADOLU LİSESİ (İSTANBUL - EYÜPSULTAN),,Count by Year<br>2017: 0<br>2018: 0<br>2019: 0<br>2020: 1<br>2021: 0<br>2022: 0<br>2023: 0<br>Total: 1,,41.0510035,28.9345831
High Schools,school,Black,white,,GEBZE ANİBAL ANADOLU LİSESİ (KOCAELİ - GEBZE),,Count by Year<br>2017: 0<br>2018: 0<br>2019: 0<br>2020: 2<br>2021: 0<br>2022: 0<br>2023: 0<br>Total: 2,,40.8074997,29.417578
High Schools,school,Black,white,,GEBZE MESLEKİ VE TEKNİK ANADOLU LİSESİ (KOCAELİ - GEBZE),,Count by Year<br>2017: 0<br>2018: 0<br>2019: 0<br>2020: 1<br>2021: 0<br>2022: 0<br>2023: 0<br>Total: 1,,40.802566,29.438751
High Schools,school,Black,white,,HEREKE ANADOLU LİSESİ (KOCAELİ - KÖRFEZ),,Count by Year<br>2017: 0<br>2018: 0<br>2019: 0<br>2020: 1<br>2021: 0<br>2022: 0<br>2023: 0<br>Total: 1,,40.792581,29.613989
High Schools,school,Black,white,,KAĞITHANE MESLEKİ VE TEKNİK ANADOLU LİSESİ (İSTANBUL - KAĞITHANE),,Count by Year<br>2017: 0<br>2018: 0<br>2019: 0<br>2020: 1<br>2021: 0<br>2022: 0<br>2023: 0<br>Total: 1,,41.0829198,28.9651581
High Schools,school,Black,white,,KARAMÜRSEL ANADOLU LİSESİ (KOCAELİ - KARAMÜRSEL),,Count by Year<br>2017: 0<br>2018: 0<br>2019: 0<br>2020: 1<br>2021: 0<br>2022: 0<br>2023: 0<br>Total: 1,,40.686534,29.5789171
High Schools,school,Black,white,,KAZIM İŞMEN ANADOLU LİSESİ (İSTANBUL - KADIKÖY),,Count by Year<br>2017: 0<br>2018: 0<br>2019: 0<br>2020: 2<br>2021: 0<br>2022: 0<br>2023: 0<br>Total: 2,,41.0091845,29.0356644
High Schools,school,Black,white,,LOKMAN HEKİM MESLEKİ VE TEKNİK ANADOLU LİSESİ (MERSİN - ANAMUR),,Count by Year<br>2017: 0<br>2018: 0<br>2019: 0<br>2020: 1<br>2021: 0<br>2022: 0<br>2023: 0<br>Total: 1,,36.0700003,32.8277886
High Schools,school,Black,white,,MANAVGAT KEMER FATMA TURGUT ŞEN ANADOLU LİSESİ (ANTALYA - MANAVGAT),,Count by Year<br>2017: 0<br>2018: 0<br>2019: 0<br>2020: 1<br>2021: 0<br>2022: 0<br>2023: 0<br>Total: 1,,36.7894346,31.40908
High Schools,school,Black,white,,MARMARAEREĞLİSİ OPET ANADOLU LİSESİ (TEKİRDAĞ - MARMARAEREĞLİSİ),,Count by Year<br>2017: 0<br>2018: 0<br>2019: 0<br>2020: 1<br>2021: 0<br>2022: 0<br>2023: 0<br>Total: 1,,40.9710935,27.9285104
High Schools,school,Black,white,,MEHMET TEKİNALP ANADOLU LİSESİ (İSTANBUL - TUZLA),,Count by Year<br>2017: 0<br>2018: 0<br>2019: 0<br>2020: 1<br>2021: 0<br>2022: 0<br>2023: 0<br>Total: 1,,40.837671,29.3061829
High Schools,school,Black,white,,MİMAR SİNAN MESLEKİ VE TEKNİK ANADOLU LİSESİ (KAYSERİ - MELİKGAZİ),,Count by Year<br>2017: 0<br>2018: 0<br>2019: 0<br>2020: 1<br>2021: 0<br>2022: 0<br>2023: 0<br>Total: 1,,38.7116543,35.4971024
High Schools,school,Black,white,,MUSTAFA KEMAL ANADOLU LİSESİ (İSTANBUL - SARIYER),,Count by Year<br>2017: 0<br>2018: 0<br>2019: 0<br>2020: 1<br>2021: 0<br>2022: 0<br>2023: 0<br>Total: 1,,41.1250309,29.0306896
High Schools,school,Black,white,,NİLÜFER ANADOLU İMAM HATİP LİSESİ (BURSA - NİLÜFER),,Count by Year<br>2017: 0<br>2018: 0<br>2019: 0<br>2020: 1<br>2021: 0<br>2022: 0<br>2023: 0<br>Total: 1,,40.2255303,28.973406
High Schools,school,Black,white,,NİŞANTAŞI ANADOLU LİSESİ (İSTANBUL - ŞİŞLİ),,Count by Year<br>2017: 0<br>2018: 0<br>2019: 0<br>2020: 1<br>2021: 0<br>2022: 0<br>2023: 0<br>Total: 1,,41.053487,28.994049
High Schools,school,Black,white,,OKAY YAŞAR ANADOLU LİSESİ (MARDİN - ARTUKLU),,Count by Year<br>2017: 0<br>2018: 0<br>2019: 0<br>2020: 1<br>2021: 0<br>2022: 0<br>2023: 0<br>Total: 1,,37.3357447,40.7098818
High Schools,school,Black,white,,OSMAN GAZİ FEN LİSESİ (KIRIKKALE - MERKEZ),,Count by Year<br>2017: 0<br>2018: 0<br>2019: 0<br>2020: 1<br>2021: 0<br>2022: 0<br>2023: 0<br>Total: 1,,39.8620103,33.5506259
High Schools,school,Black,white,,ÖZAY GÖNLÜM FEN LİSESİ (DENİZLİ - TAVAS),,Count by Year<br>2017: 0<br>2018: 0<br>2019: 0<br>2020: 1<br>2021: 1<br>2022: 0<br>2023: 0<br>Total: 2,,37.569914,29.063751
High Schools,school,Black,white,,ÖZDEMİR SABANCI EMİRGAN ANADOLU LİSESİ (İSTANBUL - SARIYER),,Count by Year<br>2017: 0<br>2018: 0<br>2019: 0<br>2020: 2<br>2021: 0<br>2022: 0<br>2023: 0<br>Total: 2,,41.1044046,29.052188
High Schools,school,Black,white,,ÖZEL ANKARA AÇI TEMEL LİSESİ (ANKARA - ÇANKAYA),,Count by Year<br>2017: 0<br>2018: 0<br>2019: 0<br>2020: 1<br>2021: 0<br>2022: 0<br>2023: 0<br>Total: 1,,39.9614782,32.7738761
High Schools,school,Black,white,,ÖZEL BALIKESİR SINAV ANADOLU LİSESİ (BALIKESİR - KARESİ),,Count by Year<br>2017: 0<br>2018: 0<br>2019: 0<br>2020: 1<br>2021: 0<br>2022: 0<br>2023: 0<br>Total: 1,,39.67055,27.8868693
High Schools,school,Black,white,,ÖZEL CEBİR ANADOLU LİSESİ (İSTANBUL - PENDİK),,Count by Year<br>2017: 0<br>2018: 0<br>2019: 0<br>2020: 1<br>2021: 0<br>2022: 0<br>2023: 0<br>Total: 1,,40.9261422,29.2853743
High Schools,school,Black,white,,ÖZEL EYÜBOĞLU KOLEJİ (İSTANBUL - ÜMRANİYE),,Count by Year<br>2017: 0<br>2018: 0<br>2019: 0<br>2020: 1<br>2021: 0<br>2022: 0<br>2023: 0<br>Total: 1,,41.0172975,29.0876394
High Schools,school,Black,white,,ÖZEL HALKALI BOĞAZİÇİ ANADOLU LİSESİ (İSTANBUL - KÜÇÜKÇEKMECE),,Count by Year<br>2017: 0<br>2018: 0<br>2019: 0<br>2020: 1<br>2021: 0<br>2022: 0<br>2023: 0<br>Total: 1,,41.0301382,28.7281489
High Schools,school,Black,white,,ÖZEL İHSANİYE SINAV KOLEJİ ANADOLU LİSESİ (BURSA - NİLÜFER),,Count by Year<br>2017: 0<br>2018: 0<br>2019: 0<br>2020: 1<br>2021: 0<br>2022: 0<br>2023: 0<br>Total: 1,,40.2232173,28.9901381
High Schools,school,Black,white,,ÖZEL İZMİT UĞUR ANADOLU LİSESİ (KOCAELİ - İZMİT),,Count by Year<br>2017: 0<br>2018: 0<br>2019: 0<br>2020: 1<br>2021: 0<br>2022: 0<br>2023: 0<br>Total: 1,,40.7632453,29.9296936
High Schools,school,Black,white,,ÖZEL MALTEPE FİNAL TEMEL LİSESİ (İSTANBUL - MALTEPE),,Count by Year<br>2017: 0<br>2018: 0<br>2019: 0<br>2020: 1<br>2021: 0<br>2022: 0<br>2023: 0<br>Total: 1,,40.9122405,29.1537469
High Schools,school,Black,white,,ÖZEL MALTEPE UĞUR ANADOLU LİSESİ (İSTANBUL - MALTEPE),,Count by Year<br>2017: 0<br>2018: 0<br>2019: 0<br>2020: 1<br>2021: 0<br>2022: 0<br>2023: 0<br>Total: 1,,40.93224,29.13563
High Schools,school,Black,white,,ÖZEL MİDYAT MEDENİYET TEMEL LİSESİ (MARDİN - MİDYAT),,Count by Year<br>2017: 0<br>2018: 0<br>2019: 0<br>2020: 1<br>2021: 0<br>2022: 0<br>2023: 0<br>Total: 1,,37.4223966,41.3443837
High Schools,school,Black,white,,ÖZEL SAMSUN FİNAL KOLEJİ (SAMSUN - ATAKUM),,Count by Year<br>2017: 0<br>2018: 0<br>2019: 0<br>2020: 1<br>2021: 0<br>2022: 0<br>2023: 0<br>Total: 1,,41.314703,36.277673
High Schools,school,Black,white,,ÖZEL VİRANŞEHİR FİNAL AKADEMİ ANADOLU LİSESİ (ŞANLIURFA - VİRANŞEHİR),,Count by Year<br>2017: 0<br>2018: 0<br>2019: 0<br>2020: 1<br>2021: 0<br>2022: 0<br>2023: 0<br>Total: 1,,37.2134165,39.7579258
High Schools,school,Black,white,,SABANCI 50. YIL ANADOLU LİSESİ (İSTANBUL - AVCILAR),,Count by Year<br>2017: 0<br>2018: 0<br>2019: 0<br>2020: 1<br>2021: 0<br>2022: 0<br>2023: 0<br>Total: 1,,40.9834466,28.7246866
High Schools,school,Black,white,,SEZAİ KARAKOÇ ANADOLU LİSESİ (ANKARA - ETİMESGUT),,Count by Year<br>2017: 0<br>2018: 0<br>2019: 0<br>2020: 1<br>2021: 0<br>2022: 0<br>2023: 0<br>Total: 1,,39.8375509,32.5319375
High Schools,school,Black,white,,ŞEHİT ABDULLAH TAYYİP OLÇOK ANADOLU LİSESİ (ÇORUM - MERKEZ),,Count by Year<br>2017: 0<br>2018: 0<br>2019: 0<br>2020: 1<br>2021: 0<br>2022: 0<br>2023: 0<br>Total: 1,,40.5574353,34.9604847
High Schools,school,Black,white,,ŞEHİT ŞİRİN DİRİL KIZ ANADOLU İMAM HATİP LİSESİ (İSTANBUL - BÜYÜKÇEKMECE),,Count by Year<br>2017: 0<br>2018: 0<br>2019: 0<br>2020: 1<br>2021: 0<br>2022: 0<br>2023: 0<br>Total: 1,,41.0166052,28.6240952
High Schools,school,Black,white,,ŞEHİT YÜZBAŞI HALİL İBRAHİM SERT ANADOLU LİSESİ (SAKARYA - AKYAZI),,Count by Year<br>2017: 0<br>2018: 0<br>2019: 0<br>2020: 1<br>2021: 0<br>2022: 0<br>2023: 0<br>Total: 1,,40.6858707,30.6255598
High Schools,school,Black,white,,TUZLA ORHANLI ÇOK PROGRAMLI ANADOLU LİSESİ (İSTANBUL - TUZLA),,Count by Year<br>2017: 0<br>2018: 0<br>2019: 0<br>2020: 1<br>2021: 0<br>2022: 0<br>2023: 0<br>Total: 1,,40.9023966,29.3529435
High Schools,school,Black,white,,ÜMRANİYE MERKEZ ANADOLU LİSESİ (İSTANBUL - ÜMRANİYE),,Count by Year<br>2017: 0<br>2018: 0<br>2019: 0<br>2020: 1<br>2021: 0<br>2022: 1<br>2023: 0<br>Total: 2,,41.0267817,29.1043749
High Schools,school,Black,white,,ATAŞEHİR ANADOLU LİSESİ (İSTANBUL - ATAŞEHİR),,Count by Year<br>2017: 0<br>2018: 0<br>2019: 0<br>2020: 0<br>2021: 1<br>2022: 0<br>2023: 0<br>Total: 1,,40.9800123,29.1251693
High Schools,school,Black,white,,CENGİZHAN ANADOLU LİSESİ (İSTANBUL - KAĞITHANE),,Count by Year<br>2017: 0<br>2018: 0<br>2019: 0<br>2020: 0<br>2021: 1<br>2022: 0<br>2023: 0<br>Total: 1,,41.0815051,29.0046274
High Schools,school,Black,white,,FATİH ANADOLU LİSESİ (TOKAT - ERBAA),,Count by Year<br>2017: 0<br>2018: 0<br>2019: 0<br>2020: 0<br>2021: 1<br>2022: 0<br>2023: 0<br>Total: 1,,40.6694971,36.5726727
High Schools,school,Black,white,,İBN-İ SİNA MESLEKİ VE TEKNİK ANADOLU LİSESİ (KOCAELİ - GEBZE),,Count by Year<br>2017: 0<br>2018: 0<br>2019: 0<br>2020: 0<br>2021: 1<br>2022: 0<br>2023: 0<br>Total: 1,,40.7860291,29.4352377
High Schools,school,Black,white,,İNEBEY ANADOLU LİSESİ (BALIKESİR - KARESİ),,Count by Year<br>2017: 0<br>2018: 0<br>2019: 0<br>2020: 0<br>2021: 1<br>2022: 0<br>2023: 0<br>Total: 1,,39.695346,27.944766
High Schools,school,Black,white,,İSTANBUL RECEP TAYYİP ERDOĞAN ANADOLU İMAM HATİP LİSESİ (İSTANBUL - FATİH),,Count by Year<br>2017: 0<br>2018: 0<br>2019: 0<br>2020: 0<br>2021: 1<br>2022: 0<br>2023: 0<br>Total: 1,,41.029981,28.9462838
High Schools,school,Black,white,,KARŞIYAKA ANADOLU LİSESİ (BİNGÖL - MERKEZ),,Count by Year<br>2017: 0<br>2018: 0<br>2019: 0<br>2020: 0<br>2021: 1<br>2022: 0<br>2023: 0<br>Total: 1,,38.894226,40.4999618
High Schools,school,Black,white,,ÖZEL ÇENGELKÖY FİNAL ANADOLU LİSESİ (İSTANBUL - ÜSKÜDAR),,Count by Year<br>2017: 0<br>2018: 0<br>2019: 0<br>2020: 0<br>2021: 1<br>2022: 0<br>2023: 0<br>Total: 1,,41.0523089,29.0741084
High Schools,school,Black,white,,ÖZEL DALAMAN BAHÇEŞEHİR ANADOLU LİSESİ (MUĞLA - DALAMAN),,Count by Year<br>2017: 0<br>2018: 0<br>2019: 0<br>2020: 0<br>2021: 1<br>2022: 0<br>2023: 0<br>Total: 1,,36.7747047,28.8060884
High Schools,school,Black,white,,ÖZEL KASTAMONU TEMA KOLEJİ ANADOLU LİSESİ (KASTAMONU - MERKEZ),,Count by Year<br>2017: 0<br>2018: 0<br>2019: 0<br>2020: 0<br>2021: 1<br>2022: 0<br>2023: 0<br>Total: 1,,41.4238809,33.7983025
High Schools,school,Black,white,,ÖZEL MALTEPE FİNAL ANADOLU LİSESİ (İSTANBUL - MALTEPE),,Count by Year<br>2017: 0<br>2018: 0<br>2019: 0<br>2020: 0<br>2021: 1<br>2022: 0<br>2023: 0<br>Total: 1,,40.9122405,29.1537523
High Schools,school,Black,white,,ÖZEL MALTEPE GÖKYÜZÜ KOLEJİ (İSTANBUL - MALTEPE),,Count by Year<br>2017: 0<br>2018: 0<br>2019: 0<br>2020: 0<br>2021: 1<br>2022: 0<br>2023: 0<br>Total: 1,,40.9253936,29.1613266
High Schools,school,Black,white,,ÖZEL PENDİK UĞUR ANADOLU LİSESİ (İSTANBUL - PENDİK),,Count by Year<br>2017: 0<br>2018: 0<br>2019: 0<br>2020: 0<br>2021: 1<br>2022: 0<br>2023: 0<br>Total: 1,,40.8807033,29.2237226
High Schools,school,Black,white,,ÖZEL SINAV KOLEJİ ANADOLU LİSESİ (ERZURUM - AZİZİYE),,Count by Year<br>2017: 0<br>2018: 0<br>2019: 0<br>2020: 0<br>2021: 1<br>2022: 0<br>2023: 0<br>Total: 1,,39.933594,41.1408806
High Schools,school,Black,white,,RIDVAN ÇELİKEL FEN LİSESİ (SAMSUN - KAVAK),,Count by Year<br>2017: 0<br>2018: 0<br>2019: 0<br>2020: 0<br>2021: 1<br>2022: 0<br>2023: 0<br>Total: 1,,41.076182,36.0317184
High Schools,school,Black,white,,SANDIKLI TÜRK TELEKOM FEN LİSESİ (AFYONKARAHİSAR - SANDIKLI),,Count by Year<br>2017: 0<br>2018: 0<br>2019: 0<br>2020: 0<br>2021: 1<br>2022: 0<br>2023: 0<br>Total: 1,,38.4844396,30.2562917
High Schools,school,Black,white,,SİMAV ANADOLU LİSESİ (KÜTAHYA - SİMAV),,Count by Year<br>2017: 0<br>2018: 0<br>2019: 0<br>2020: 0<br>2021: 1<br>2022: 0<br>2023: 0<br>Total: 1,,39.0858688,29.0075073
High Schools,school,Black,white,,SİNCANLI ÇİĞİLTEPE ÇOK PROGRAMLI ANADOLU LİSESİ (AFYONKARAHİSAR - SİNANPAŞA),,Count by Year<br>2017: 0<br>2018: 0<br>2019: 0<br>2020: 0<br>2021: 1<br>2022: 0<br>2023: 0<br>Total: 1,,38.7424865,30.2460442
High Schools,school,Black,white,,ŞEHİT BORA ÇELİK ANADOLU LİSESİ (NİĞDE - BOR),,Count by Year<br>2017: 0<br>2018: 0<br>2019: 0<br>2020: 0<br>2021: 1<br>2022: 0<br>2023: 0<br>Total: 1,,37.9295745,34.5892455
High Schools,school,Black,white,,15 TEMMUZ ŞEHİTLERİ ANADOLU LİSESİ (ARTVİN - MERKEZ),,Count by Year<br>2017: 0<br>2018: 0<br>2019: 0<br>2020: 0<br>2021: 0<br>2022: 1<br>2023: 0<br>Total: 1,,41.1876607,41.8057438
High Schools,school,Black,white,,A. FEVZİ ALAETTİNOĞLU ANADOLU LİSESİ (ANTALYA - ALANYA),,Count by Year<br>2017: 0<br>2018: 0<br>2019: 0<br>2020: 0<br>2021: 0<br>2022: 1<br>2023: 0<br>Total: 1,,36.5454169,31.9948509
High Schools,school,Black,white,,ASİYE AĞAOĞLU ANADOLU LİSESİ (İSTANBUL - ÜMRANİYE),,Count by Year<br>2017: 0<br>2018: 0<br>2019: 0<br>2020: 0<br>2021: 0<br>2022: 1<br>2023: 0<br>Total: 1,,41.0165907,29.1291374
High Schools,school,Black,white,,ATÇA ŞEHİT MUTLU UÇAR ANADOLU LİSESİ (AYDIN - SULTANHİSAR),,Count by Year<br>2017: 0<br>2018: 0<br>2019: 0<br>2020: 0<br>2021: 0<br>2022: 1<br>2023: 0<br>Total: 1,,37.8941408,28.2119177
High Schools,school,Black,white,,GÜÇ KARDEŞLER ANADOLU LİSESİ (İSTANBUL - ÇEKMEKÖY),,Count by Year<br>2017: 0<br>2018: 0<br>2019: 0<br>2020: 0<br>2021: 0<br>2022: 1<br>2023: 0<br>Total: 1,,41.0304388,29.1883168
High Schools,school,Black,white,,HABİRE YAHŞİ ANADOLU LİSESİ (İSTANBUL - ATAŞEHİR),,Count by Year<br>2017: 0<br>2018: 0<br>2019: 0<br>2020: 0<br>2021: 0<br>2022: 1<br>2023: 0<br>Total: 1,,40.9861797,29.0956029
High Schools,school,Black,white,,HASAN ÇOLAK ANADOLU LİSESİ (ANTALYA - ALANYA),,Count by Year<br>2017: 0<br>2018: 0<br>2019: 0<br>2020: 0<br>2021: 0<br>2022: 1<br>2023: 0<br>Total: 1,,36.5536108,32.0148021
High Schools,school,Black,white,,HASAN HÜSEYİN AKDEDE FEN LİSESİ (ANKARA - GÜDÜL),,Count by Year<br>2017: 0<br>2018: 0<br>2019: 0<br>2020: 0<br>2021: 0<br>2022: 1<br>2023: 0<br>Total: 1,,40.2095688,32.2480902
High Schools,school,Black,white,,HEYBELİADA ANADOLU LİSESİ (İSTANBUL - ADALAR),,Count by Year<br>2017: 0<br>2018: 0<br>2019: 0<br>2020: 0<br>2021: 0<br>2022: 1<br>2023: 0<br>Total: 1,,40.8801518,29.0942488
High Schools,school,Black,white,,İTÜ GELİŞTİRME VAKFI ÖZEL EKREM ELGİNKAN LİSESİ (İSTANBUL - SARIYER),,Count by Year<br>2017: 0<br>2018: 0<br>2019: 0<br>2020: 0<br>2021: 0<br>2022: 1<br>2023: 0<br>Total: 1,,41.1067335,29.0347329
High Schools,school,Black,white,,KADIKÖY ANADOLU İMAM HATİP LİSESİ (İSTANBUL - KADIKÖY),,Count by Year<br>2017: 0<br>2018: 0<br>2019: 0<br>2020: 0<br>2021: 0<br>2022: 1<br>2023: 1<br>Total: 2,,40.9972187,29.0545917
High Schools,school,Black,white,,KEMAL HASOĞLU ANADOLU LİSESİ (İSTANBUL - BAHÇELİEVLER),,Count by Year<br>2017: 0<br>2018: 0<br>2019: 0<br>2020: 0<br>2021: 0<br>2022: 1<br>2023: 0<br>Total: 1,,41.0051836,28.8791731
High Schools,school,Black,white,,KÖRFEZ ATATÜRK ANADOLU LİSESİ (KOCAELİ - KÖRFEZ),,Count by Year<br>2017: 0<br>2018: 0<br>2019: 0<br>2020: 0<br>2021: 0<br>2022: 1<br>2023: 1<br>Total: 2,,40.7705711,29.7482001
High Schools,school,Black,white,,MALTEPE ORHANGAZİ ANADOLU İMAM HATİP LİSESİ (İSTANBUL - MALTEPE),,Count by Year<br>2017: 0<br>2018: 0<br>2019: 0<br>2020: 0<br>2021: 0<br>2022: 1<br>2023: 0<br>Total: 1,,40.9180481,29.1475838
High Schools,school,Black,white,,MEHMETÇİK ANADOLU LİSESİ (İSTANBUL - ÇEKMEKÖY),,Count by Year<br>2017: 0<br>2018: 0<br>2019: 0<br>2020: 0<br>2021: 0<br>2022: 1<br>2023: 0<br>Total: 1,,41.0148082,29.2090934
High Schools,school,Black,white,,NENEHATUN KIZ ANADOLU LİSESİ (ERZURUM - YAKUTİYE),,Count by Year<br>2017: 0<br>2018: 0<br>2019: 0<br>2020: 0<br>2021: 0<br>2022: 1<br>2023: 0<br>Total: 1,,39.9089189,41.2652804
High Schools,school,Black,white,,ÖZEL CEMAL ÇAM ANADOLU LİSESİ (İSTANBUL - KARTAL),,Count by Year<br>2017: 0<br>2018: 0<br>2019: 0<br>2020: 0<br>2021: 0<br>2022: 1<br>2023: 1<br>Total: 2,,40.9076203,29.1677609
High Schools,school,Black,white,,ÖZEL GEBZE NAZMİ ARIKAN FEN BİLİMLERİ ANADOLU LİSESİ (KOCAELİ - GEBZE),,Count by Year<br>2017: 0<br>2018: 0<br>2019: 0<br>2020: 0<br>2021: 0<br>2022: 1<br>2023: 0<br>Total: 1,,40.7974877,29.4012272
High Schools,school,Black,white,,ÖZEL KARŞIYAKA ÖRNEKKÖY UĞUR ANADOLU LİSESİ (İZMİR - KARŞIYAKA),,Count by Year<br>2017: 0<br>2018: 0<br>2019: 0<br>2020: 0<br>2021: 0<br>2022: 1<br>2023: 0<br>Total: 1,,38.4950668,27.111708
High Schools,school,Black,white,,ÖZEL KARTAL DOĞA ANADOLU LİSESİ (İSTANBUL - KARTAL),,Count by Year<br>2017: 0<br>2018: 0<br>2019: 0<br>2020: 0<br>2021: 0<br>2022: 1<br>2023: 0<br>Total: 1,,40.8923506,29.1749842
High Schools,school,Black,white,,ÖZEL MALTEPE NAZMİ ARIKAN FEN BİLİMLERİ ANADOLU LİSESİ (İSTANBUL - MALTEPE),,Count by Year<br>2017: 0<br>2018: 0<br>2019: 0<br>2020: 0<br>2021: 0<br>2022: 1<br>2023: 0<br>Total: 1,,40.9353189,29.1423577
High Schools,school,Black,white,,ÖZEL NAZMİ ARIKAN FEN BİLİMLERİ SİLİVRİ ANADOLU LİSESİ (İSTANBUL - SİLİVRİ),,Count by Year<br>2017: 0<br>2018: 0<br>2019: 0<br>2020: 0<br>2021: 0<br>2022: 1<br>2023: 0<br>Total: 1,,41.0794354,28.262927
High Schools,school,Black,white,,ÖZEL ÜSKÜDAR SINAV ANADOLU LİSESİ (İSTANBUL - ÜSKÜDAR),,Count by Year<br>2017: 0<br>2018: 0<br>2019: 0<br>2020: 0<br>2021: 0<br>2022: 1<br>2023: 0<br>Total: 1,,41.0236754,29.0434458
High Schools,school,Black,white,,PROF.DR.MUHAMMET TAYYİP OKİÇ ANADOLU İMAM HATİP LİSESİ (İSTANBUL - PENDİK),,Count by Year<br>2017: 0<br>2018: 0<br>2019: 0<br>2020: 0<br>2021: 0<br>2022: 1<br>2023: 0<br>Total: 1,,40.8774363,29.2534395
High Schools,school,Black,white,,RABİA KIZ ANADOLU İMAM HATİP LİSESİ (İSTANBUL - SANCAKTEPE),,Count by Year<br>2017: 0<br>2018: 0<br>2019: 0<br>2020: 0<br>2021: 0<br>2022: 1<br>2023: 0<br>Total: 1,,40.9652955,29.2139075
High Schools,school,Black,white,,SANCAKTEPE AZİZ BAYRAKTAR ANADOLU İMAM HATİP LİSESİ (İSTANBUL - SANCAKTEPE),,Count by Year<br>2017: 0<br>2018: 0<br>2019: 0<br>2020: 0<br>2021: 0<br>2022: 1<br>2023: 0<br>Total: 1,,40.9914978,29.2471611
High Schools,school,Black,white,,ŞEHİT EDİP ZENGİN ANADOLU LİSESİ (KOCAELİ - DARICA),,Count by Year<br>2017: 0<br>2018: 0<br>2019: 0<br>2020: 0<br>2021: 0<br>2022: 1<br>2023: 1<br>Total: 2,,40.7775479,29.3755504
High Schools,school,Black,white,,ŞEHİT MUHAMMED İSLAM ALTUĞ ANADOLU İMAM HATİP LİSESİ (YALOVA - ÇİFTLİKKÖY),,Count by Year<br>2017: 0<br>2018: 0<br>2019: 0<br>2020: 0<br>2021: 0<br>2022: 1<br>2023: 0<br>Total: 1,,40.6597754,29.3345043
High Schools,school,Black,white,,ŞİLE ANADOLU LİSESİ (İSTANBUL - ŞİLE),,Count by Year<br>2017: 0<br>2018: 0<br>2019: 0<br>2020: 0<br>2021: 0<br>2022: 1<br>2023: 0<br>Total: 1,,41.1785587,29.6107329
High Schools,school,Black,white,,ULUS MESLEKİ VE TEKNİK ANADOLU LİSESİ (ANKARA - ALTINDAĞ),,Count by Year<br>2017: 0<br>2018: 0<br>2019: 0<br>2020: 0<br>2021: 0<br>2022: 1<br>2023: 0<br>Total: 1,,39.939191,32.854999
High Schools,school,Black,white,,ÜSKÜDAR MİHRİMAH SULTAN KIZ ANADOLU İMAM HATİP LİSESİ (İSTANBUL - ÜSKÜDAR),,Count by Year<br>2017: 0<br>2018: 0<br>2019: 0<br>2020: 0<br>2021: 0<br>2022: 1<br>2023: 0<br>Total: 1,,41.0129973,29.0772538
High Schools,school,Black,white,,AKYAZI KONURALP ANADOLU LİSESİ (SAKARYA - AKYAZI),,Count by Year<br>2017: 0<br>2018: 0<br>2019: 0<br>2020: 0<br>2021: 0<br>2022: 0<br>2023: 1<br>Total: 1,,40.67493,30.616258
High Schools,school,Black,white,,ATİLLA URAS ANADOLU LİSESİ (İSTANBUL - MALTEPE),,Count by Year<br>2017: 0<br>2018: 0<br>2019: 0<br>2020: 0<br>2021: 0<br>2022: 0<br>2023: 1<br>Total: 1,,40.9414124,29.1348949
High Schools,school,Black,white,,BEHÇET CANBAZ ANADOLU LİSESİ (İSTANBUL - GAZİOSMANPAŞA),,Count by Year<br>2017: 0<br>2018: 0<br>2019: 0<br>2020: 0<br>2021: 0<br>2022: 0<br>2023: 1<br>Total: 1,,41.071331,28.8954632
High Schools,school,Black,white,,ÇAPA FEN LİSESİ (İSTANBUL - FATİH),,Count by Year<br>2017: 0<br>2018: 0<br>2019: 0<br>2020: 0<br>2021: 0<br>2022: 0<br>2023: 1<br>Total: 1,,41.0144167,28.9360564
High Schools,school,Black,white,,ÇAYELİ ANADOLU LİSESİ (RİZE - ÇAYELİ),,Count by Year<br>2017: 0<br>2018: 0<br>2019: 0<br>2020: 0<br>2021: 0<br>2022: 0<br>2023: 1<br>Total: 1,,41.0945569,40.7277894
High Schools,school,Black,white,,ERTUĞRUL GAZİ ANADOLU LİSESİ (ANTALYA - SERİK),,Count by Year<br>2017: 0<br>2018: 0<br>2019: 0<br>2020: 0<br>2021: 0<br>2022: 0<br>2023: 1<br>Total: 1,,36.9180692,31.0836261
High Schools,school,Black,white,,FATMA TALİP KAHRAMAN KIZ ANADOLU İMAM HATİP LİSESİ (İSTANBUL - ÇEKMEKÖY),,Count by Year<br>2017: 0<br>2018: 0<br>2019: 0<br>2020: 0<br>2021: 0<br>2022: 0<br>2023: 1<br>Total: 1,,41.0302393,29.1872849
High Schools,school,Black,white,,HALİT ARMAY ANADOLU LİSESİ (İSTANBUL - MALTEPE),,Count by Year<br>2017: 0<br>2018: 0<br>2019: 0<br>2020: 0<br>2021: 0<br>2022: 0<br>2023: 1<br>Total: 1,,40.952067,29.110667
High Schools,school,Black,white,,HÜSEYİN AVNİ SÖZEN ANADOLU LİSESİ (İSTANBUL - ÜSKÜDAR),,Count by Year<br>2017: 0<br>2018: 0<br>2019: 0<br>2020: 0<br>2021: 0<br>2022: 0<br>2023: 1<br>Total: 1,,41.0136939,29.0384097
High Schools,school,Black,white,,KURTKÖY ANADOLU İMAM HATİP LİSESİ (İSTANBUL - PENDİK),,Count by Year<br>2017: 0<br>2018: 0<br>2019: 0<br>2020: 0<br>2021: 0<br>2022: 0<br>2023: 1<br>Total: 1,,40.913938,29.2921191
High Schools,school,Black,white,,KURTULUŞ ANADOLU LİSESİ (İSTANBUL - ŞİŞLİ),,Count by Year<br>2017: 0<br>2018: 0<br>2019: 0<br>2020: 0<br>2021: 0<br>2022: 0<br>2023: 1<br>Total: 1,,41.0498009,28.9807984
High Schools,school,Black,white,,KÜÇÜKYALI REZAN HAS ANADOLU LİSESİ (İSTANBUL - MALTEPE),,Count by Year<br>2017: 0<br>2018: 0<br>2019: 0<br>2020: 0<br>2021: 0<br>2022: 0<br>2023: 1<br>Total: 1,,40.9534208,29.1132722
High Schools,school,Black,white,,MELAHAT AKKUTLU ANADOLU LİSESİ (İSTANBUL - KADIKÖY),,Count by Year<br>2017: 0<br>2018: 0<br>2019: 0<br>2020: 0<br>2021: 0<br>2022: 0<br>2023: 1<br>Total: 1,,40.9890364,29.0778771
High Schools,school,Black,white,,MUSTAFA SAFFET ANADOLU LİSESİ (İSTANBUL - KADIKÖY),,Count by Year<br>2017: 0<br>2018: 0<br>2019: 0<br>2020: 0<br>2021: 0<br>2022: 0<br>2023: 1<br>Total: 1,,40.9868632,29.053719
High Schools,school,Black,white,,NECİP FAZIL KISAKÜREK ANADOLU İMAM HATİP LİSESİ (KOCAELİ - İZMİT),,Count by Year<br>2017: 0<br>2018: 0<br>2019: 0<br>2020: 0<br>2021: 0<br>2022: 0<br>2023: 1<br>Total: 1,,40.7797955,29.9294638
High Schools,school,Black,white,,NECİP FAZIL KISAKÜREK ANADOLU LİSESİ (BALIKESİR - SAVAŞTEPE),,Count by Year<br>2017: 0<br>2018: 0<br>2019: 0<br>2020: 0<br>2021: 0<br>2022: 0<br>2023: 1<br>Total: 1,,39.6194712,27.8920995
High Schools,school,Black,white,,ORHANGAZİ ANADOLU LİSESİ (İSTANBUL - MALTEPE),,Count by Year<br>2017: 0<br>2018: 0<br>2019: 0<br>2020: 0<br>2021: 0<br>2022: 0<br>2023: 1<br>Total: 1,,40.9188739,29.1451628
High Schools,school,Black,white,,ÖZEL ATAŞEHİR MODERN BİLİMLER AKADEMİSİ (MBA) ANADOLU LİSESİ (İSTANBUL - ATAŞEHİR),,Count by Year<br>2017: 0<br>2018: 0<br>2019: 0<br>2020: 0<br>2021: 0<br>2022: 0<br>2023: 1<br>Total: 1,,40.9939231,29.1225682
High Schools,school,Black,white,,ÖZEL ATAŞEHİR NAZMİ ARIKAN FEN BİLİMLERİ ANADOLU LİSESİ (İSTANBUL - ATAŞEHİR),,Count by Year<br>2017: 0<br>2018: 0<br>2019: 0<br>2020: 0<br>2021: 0<br>2022: 0<br>2023: 1<br>Total: 1,,40.9816146,29.1072141
High Schools,school,Black,white,,ÖZEL BİLFEN ÜSKÜDAR FEN LİSESİ (İSTANBUL - ÜSKÜDAR),,Count by Year<br>2017: 0<br>2018: 0<br>2019: 0<br>2020: 0<br>2021: 0<br>2022: 0<br>2023: 1<br>Total: 1,,41.0172019,29.0569453
High Schools,school,Black,white,,ÖZEL ÇAMLICA ALTUNİZADE UĞUR ANADOLU LİSESİ (İSTANBUL - ÜSKÜDAR),,Count by Year<br>2017: 0<br>2018: 0<br>2019: 0<br>2020: 0<br>2021: 0<br>2022: 0<br>2023: 1<br>Total: 1,,41.022371,29.071007
High Schools,school,Black,white,,ÖZEL DARICA BOĞAZİÇİ TEKNOLOJİ KOLEJİ MESLEKİ VE TEKNİK ANADOLU LİSESİ (KOCAELİ - DARICA),,Count by Year<br>2017: 0<br>2018: 0<br>2019: 0<br>2020: 0<br>2021: 0<br>2022: 0<br>2023: 1<br>Total: 1,,40.7906482,29.3838784
High Schools,school,Black,white,,ÖZEL ERZİNCAN SINAV ANADOLU LİSESİ (ERZİNCAN - MERKEZ),,Count by Year<br>2017: 0<br>2018: 0<br>2019: 0<br>2020: 0<br>2021: 0<br>2022: 0<br>2023: 1<br>Total: 1,,39.7560753,39.4493695
High Schools,school,Black,white,,ÖZEL GÜNEŞLİ SINAV FEN LİSESİ (İSTANBUL - BAĞCILAR),,Count by Year<br>2017: 0<br>2018: 0<br>2019: 0<br>2020: 0<br>2021: 0<br>2022: 0<br>2023: 1<br>Total: 1,,41.0232043,28.8282181
High Schools,school,Black,white,,ÖZEL HATAY BAHÇEŞEHİR ANADOLU LİSESİ (HATAY - ANTAKYA),,Count by Year<br>2017: 0<br>2018: 0<br>2019: 0<br>2020: 0<br>2021: 0<br>2022: 0<br>2023: 1<br>Total: 1,,36.2271216,36.1232104
High Schools,school,Black,white,,ÖZEL KADIKÖY BİREY ANADOLU LİSESİ (İSTANBUL - KADIKÖY),,Count by Year<br>2017: 0<br>2018: 0<br>2019: 0<br>2020: 0<br>2021: 0<br>2022: 0<br>2023: 1<br>Total: 1,,40.993855,29.031665
High Schools,school,Black,white,,ÖZEL MALTEPE SINAV KOLEJİ ANADOLU LİSESİ (İSTANBUL - MALTEPE),,Count by Year<br>2017: 0<br>2018: 0<br>2019: 0<br>2020: 0<br>2021: 0<br>2022: 0<br>2023: 1<br>Total: 1,,40.9357773,29.1411981
High Schools,school,Black,white,,ÖZEL ORDU FİNAL AKADEMİ ANADOLU LİSESİ (ORDU - ALTINORDU),,Count by Year<br>2017: 0<br>2018: 0<br>2019: 0<br>2020: 0<br>2021: 0<br>2022: 0<br>2023: 1<br>Total: 1,,40.9746594,37.955342
High Schools,school,Black,white,,ÖZEL ORTACA ÇÖZÜM ANADOLU LİSESİ (MUĞLA - ORTACA),,Count by Year<br>2017: 0<br>2018: 0<br>2019: 0<br>2020: 0<br>2021: 0<br>2022: 0<br>2023: 1<br>Total: 1,,36.8525413,28.7774004
High Schools,school,Black,white,,ÖZEL SANCAKTEPE BİRİKİM FEN LİSESİ (İSTANBUL - SANCAKTEPE),,Count by Year<br>2017: 0<br>2018: 0<br>2019: 0<br>2020: 0<br>2021: 0<br>2022: 0<br>2023: 1<br>Total: 1,,41.0026963,29.2198362
High Schools,school,Black,white,,ÖZEL SEVİYE BATIKENT ANADOLU LİSESİ (ANKARA - YENİMAHALLE),,Count by Year<br>2017: 0<br>2018: 0<br>2019: 0<br>2020: 0<br>2021: 0<br>2022: 0<br>2023: 1<br>Total: 1,,39.9487799,32.7251459
High Schools,school,Black,white,,ÖZEL UZMANLAR ANADOLU LİSESİ (YALOVA - MERKEZ),,Count by Year<br>2017: 0<br>2018: 0<br>2019: 0<br>2020: 0<br>2021: 0<br>2022: 0<br>2023: 1<br>Total: 1,,40.638531,29.235593
High Schools,school,Black,white,,ÖZEL ÜN OKULLARI ANADOLU LİSESİ (TEKİRDAĞ - ÇORLU),,Count by Year<br>2017: 0<br>2018: 0<br>2019: 0<br>2020: 0<br>2021: 0<br>2022: 0<br>2023: 1<br>Total: 1,,41.155139,27.838204
High Schools,school,Black,white,,PAŞABAHÇE AHMET FERİT İNAL ANADOLU LİSESİ (İSTANBUL - BEYKOZ),,Count by Year<br>2017: 0<br>2018: 0<br>2019: 0<br>2020: 0<br>2021: 0<br>2022: 0<br>2023: 1<br>Total: 1,,41.1179137,29.0994018
High Schools,school,Black,white,,PAZAR FEN LİSESİ (RİZE - PAZAR),,Count by Year<br>2017: 0<br>2018: 0<br>2019: 0<br>2020: 0<br>2021: 0<br>2022: 0<br>2023: 1<br>Total: 1,,41.182482,40.8953981
High Schools,school,Black,white,,SÜLEYMAN DEMİREL ANADOLU LİSESİ (İSTANBUL - KARTAL),,Count by Year<br>2017: 0<br>2018: 0<br>2019: 0<br>2020: 0<br>2021: 0<br>2022: 0<br>2023: 1<br>Total: 1,,40.8984716,29.1741881
High Schools,school,Black,white,,ŞEHİT HASAN KAYA KIZ ANADOLU İMAM HATİP LİSESİ (KOCAELİ - DARICA),,Count by Year<br>2017: 0<br>2018: 0<br>2019: 0<br>2020: 0<br>2021: 0<br>2022: 0<br>2023: 1<br>Total: 1,,40.7785242,29.3697038
High Schools,school,Black,white,,ŞEHİT NURULLAH SARAÇ ANADOLU LİSESİ (SİNOP - GERZE),,Count by Year<br>2017: 0<br>2018: 0<br>2019: 0<br>2020: 0<br>2021: 0<br>2022: 0<br>2023: 1<br>Total: 1,,41.804277,35.1828139
High Schools,school,Black,white,,ŞEHREMİNİ ANADOLU LİSESİ (İSTANBUL - FATİH),,Count by Year<br>2017: 0<br>2018: 0<br>2019: 0<br>2020: 0<br>2021: 0<br>2022: 0<br>2023: 1<br>Total: 1,,41.013621,28.935823
High Schools,school,Black,white,,T.V.ÖZEL ŞİŞLİ TERAKKİ LİSESİ (İSTANBUL - BEŞİKTAŞ),,Count by Year<br>2017: 0<br>2018: 0<br>2019: 0<br>2020: 0<br>2021: 0<br>2022: 0<br>2023: 1<br>Total: 1,,41.0814438,29.0225115
High Schools,school,Black,white,,TUZLA ANADOLU LİSESİ (İSTANBUL - TUZLA),,Count by Year<br>2017: 0<br>2018: 0<br>2019: 0<br>2020: 0<br>2021: 0<br>2022: 0<br>2023: 1<br>Total: 1,,40.820425,29.307137
High Schools,school,Black,white,,URLA ANADOLU LİSESİ (İZMİR - URLA),,Count by Year<br>2017: 0<br>2018: 0<br>2019: 0<br>2020: 0<br>2021: 0<br>2022: 0<br>2023: 1<br>Total: 1,,38.3298306,26.7669098
High Schools,school,Black,white,,VEFA POYRAZ ANADOLU LİSESİ (İSTANBUL - GAZİOSMANPAŞA),,Count by Year<br>2017: 0<br>2018: 0<br>2019: 0<br>2020: 0<br>2021: 0<br>2022: 0<br>2023: 1<br>Total: 1,,41.07123,28.90332
High Schools,school,Black,white,,YAĞLIDERE ANADOLU LİSESİ (GİRESUN - YAĞLIDERE),,Count by Year<br>2017: 0<br>2018: 0<br>2019: 0<br>2020: 0<br>2021: 0<br>2022: 0<br>2023: 1<br>Total: 1,,40.851872,38.6247531